-- 数据库导出文件
-- 项目: 亮车惠洗车管理系统
-- 数据库: lch_v4
-- 导出时间: 2025-09-09T12:02:10.737Z

SET NAMES utf8mb4;
SET FOREIGN_KEY_CHECKS = 0;

-- ----------------------------
-- Table structure for balance_ledger
-- ----------------------------
DROP TABLE IF EXISTS `balance_ledger`;
CREATE TABLE `balance_ledger` (
  `id` int NOT NULL AUTO_INCREMENT COMMENT '流水ID',
  `user_id` int NOT NULL COMMENT '用户ID',
  `type` enum('recharge','gift','consume','refund','withdraw','transfer') COLLATE utf8mb4_unicode_ci NOT NULL COMMENT '类型',
  `amount` int NOT NULL COMMENT '变动金额(分)',
  `balance_before` int NOT NULL COMMENT '变动前余额(分)',
  `balance_after` int NOT NULL COMMENT '变动后余额(分)',
  `gift_balance_before` int NOT NULL DEFAULT '0' COMMENT '变动前赠送余额(分)',
  `gift_balance_after` int NOT NULL DEFAULT '0' COMMENT '变动后赠送余额(分)',
  `related_id` varchar(64) COLLATE utf8mb4_unicode_ci DEFAULT NULL COMMENT '关联ID',
  `remark` varchar(255) COLLATE utf8mb4_unicode_ci DEFAULT NULL COMMENT '备注',
  `created_at` timestamp NOT NULL DEFAULT CURRENT_TIMESTAMP COMMENT '创建时间',
  `updated_at` timestamp NOT NULL DEFAULT CURRENT_TIMESTAMP ON UPDATE CURRENT_TIMESTAMP COMMENT '更新时间',
  `deleted_at` timestamp NULL DEFAULT NULL COMMENT '删除时间',
  PRIMARY KEY (`id`),
  KEY `idx_user_time` (`user_id`,`created_at`),
  KEY `idx_type_time` (`type`,`created_at`),
  KEY `idx_user_created` (`user_id`,`created_at` DESC),
  CONSTRAINT `fk_balance_ledger_user` FOREIGN KEY (`user_id`) REFERENCES `users` (`id`)
) ENGINE=InnoDB AUTO_INCREMENT=22 DEFAULT CHARSET=utf8mb4 COLLATE=utf8mb4_unicode_ci COMMENT='余额流水表';

-- ----------------------------
-- Records of balance_ledger
-- ----------------------------
INSERT INTO `balance_ledger` (`id`, `user_id`, `type`, `amount`, `balance_before`, `balance_after`, `gift_balance_before`, `gift_balance_after`, `related_id`, `remark`, `created_at`, `updated_at`, `deleted_at`) VALUES (1, 2, 'recharge', 6207, 0, 6207, 0, 0, 'recharge_1757133345492_ebjuc3bnc', '微信充值', '2025-08-29 09:17:30', '2025-08-29 09:17:30', NULL);
INSERT INTO `balance_ledger` (`id`, `user_id`, `type`, `amount`, `balance_before`, `balance_after`, `gift_balance_before`, `gift_balance_after`, `related_id`, `remark`, `created_at`, `updated_at`, `deleted_at`) VALUES (2, 2, 'recharge', 1090, 0, 1090, 0, 0, 'recharge_1757133345497_obk92u23t', '微信充值', '2025-08-19 14:28:25', '2025-08-19 14:28:25', NULL);
INSERT INTO `balance_ledger` (`id`, `user_id`, `type`, `amount`, `balance_before`, `balance_after`, `gift_balance_before`, `gift_balance_after`, `related_id`, `remark`, `created_at`, `updated_at`, `deleted_at`) VALUES (3, 3, 'recharge', 9635, 0, 9635, 0, 0, 'recharge_1757133345500_soysam67q', '微信充值', '2025-08-11 05:56:56', '2025-08-11 05:56:56', NULL);
INSERT INTO `balance_ledger` (`id`, `user_id`, `type`, `amount`, `balance_before`, `balance_after`, `gift_balance_before`, `gift_balance_after`, `related_id`, `remark`, `created_at`, `updated_at`, `deleted_at`) VALUES (4, 3, 'recharge', 1246, 0, 1246, 0, 0, 'recharge_1757133345508_jjieov6g9', '微信充值', '2025-08-31 08:48:43', '2025-08-31 08:48:43', NULL);
INSERT INTO `balance_ledger` (`id`, `user_id`, `type`, `amount`, `balance_before`, `balance_after`, `gift_balance_before`, `gift_balance_after`, `related_id`, `remark`, `created_at`, `updated_at`, `deleted_at`) VALUES (5, 3, 'recharge', 8332, 0, 8332, 0, 0, 'recharge_1757133345521_5his02urk', '微信充值', '2025-08-19 23:29:43', '2025-08-19 23:29:43', NULL);
INSERT INTO `balance_ledger` (`id`, `user_id`, `type`, `amount`, `balance_before`, `balance_after`, `gift_balance_before`, `gift_balance_after`, `related_id`, `remark`, `created_at`, `updated_at`, `deleted_at`) VALUES (6, 3, 'recharge', 7054, 0, 7054, 0, 0, 'recharge_1757133345529_rmtqxv5hb', '微信充值', '2025-08-15 17:45:04', '2025-08-15 17:45:04', NULL);
INSERT INTO `balance_ledger` (`id`, `user_id`, `type`, `amount`, `balance_before`, `balance_after`, `gift_balance_before`, `gift_balance_after`, `related_id`, `remark`, `created_at`, `updated_at`, `deleted_at`) VALUES (7, 4, 'recharge', 2666, 0, 2666, 0, 0, 'recharge_1757133345532_e1ne44idy', '微信充值', '2025-08-19 04:16:45', '2025-08-19 04:16:45', NULL);
INSERT INTO `balance_ledger` (`id`, `user_id`, `type`, `amount`, `balance_before`, `balance_after`, `gift_balance_before`, `gift_balance_after`, `related_id`, `remark`, `created_at`, `updated_at`, `deleted_at`) VALUES (8, 4, 'recharge', 8432, 0, 8432, 0, 0, 'recharge_1757133345534_y7f8dg8ca', '微信充值', '2025-08-08 08:07:55', '2025-08-08 08:07:55', NULL);
INSERT INTO `balance_ledger` (`id`, `user_id`, `type`, `amount`, `balance_before`, `balance_after`, `gift_balance_before`, `gift_balance_after`, `related_id`, `remark`, `created_at`, `updated_at`, `deleted_at`) VALUES (9, 4, 'recharge', 2750, 0, 2750, 0, 0, 'recharge_1757133345537_6ufbaoo6e', '微信充值', '2025-08-23 15:25:23', '2025-08-23 15:25:23', NULL);
INSERT INTO `balance_ledger` (`id`, `user_id`, `type`, `amount`, `balance_before`, `balance_after`, `gift_balance_before`, `gift_balance_after`, `related_id`, `remark`, `created_at`, `updated_at`, `deleted_at`) VALUES (10, 4, 'recharge', 8303, 0, 8303, 0, 0, 'recharge_1757133345540_6ndybj02d', '微信充值', '2025-08-10 21:46:23', '2025-08-10 21:46:23', NULL);
INSERT INTO `balance_ledger` (`id`, `user_id`, `type`, `amount`, `balance_before`, `balance_after`, `gift_balance_before`, `gift_balance_after`, `related_id`, `remark`, `created_at`, `updated_at`, `deleted_at`) VALUES (11, 5, 'recharge', 7859, 0, 7859, 0, 0, 'recharge_1757133345542_zq6czvcjb', '微信充值', '2025-08-07 16:31:49', '2025-08-07 16:31:49', NULL);
INSERT INTO `balance_ledger` (`id`, `user_id`, `type`, `amount`, `balance_before`, `balance_after`, `gift_balance_before`, `gift_balance_after`, `related_id`, `remark`, `created_at`, `updated_at`, `deleted_at`) VALUES (12, 5, 'recharge', 9338, 0, 9338, 0, 0, 'recharge_1757133345545_hzwgeb0uk', '微信充值', '2025-09-01 17:16:10', '2025-09-01 17:16:10', NULL);
INSERT INTO `balance_ledger` (`id`, `user_id`, `type`, `amount`, `balance_before`, `balance_after`, `gift_balance_before`, `gift_balance_after`, `related_id`, `remark`, `created_at`, `updated_at`, `deleted_at`) VALUES (13, 5, 'recharge', 2899, 0, 2899, 0, 0, 'recharge_1757133345549_27v6xgoae', '微信充值', '2025-08-11 22:42:58', '2025-08-11 22:42:58', NULL);
INSERT INTO `balance_ledger` (`id`, `user_id`, `type`, `amount`, `balance_before`, `balance_after`, `gift_balance_before`, `gift_balance_after`, `related_id`, `remark`, `created_at`, `updated_at`, `deleted_at`) VALUES (14, 5, 'recharge', 9168, 0, 9168, 0, 0, 'recharge_1757133345554_5jiydwyai', '微信充值', '2025-08-25 08:13:23', '2025-08-25 08:13:23', NULL);
INSERT INTO `balance_ledger` (`id`, `user_id`, `type`, `amount`, `balance_before`, `balance_after`, `gift_balance_before`, `gift_balance_after`, `related_id`, `remark`, `created_at`, `updated_at`, `deleted_at`) VALUES (15, 6, 'recharge', 7115, 0, 7115, 0, 0, 'recharge_1757133345556_9po2rh5fb', '微信充值', '2025-08-11 02:20:07', '2025-08-11 02:20:07', NULL);
INSERT INTO `balance_ledger` (`id`, `user_id`, `type`, `amount`, `balance_before`, `balance_after`, `gift_balance_before`, `gift_balance_after`, `related_id`, `remark`, `created_at`, `updated_at`, `deleted_at`) VALUES (16, 6, 'recharge', 4266, 0, 4266, 0, 0, 'recharge_1757133345560_k11lgnlmq', '微信充值', '2025-08-17 12:34:53', '2025-08-17 12:34:53', NULL);
INSERT INTO `balance_ledger` (`id`, `user_id`, `type`, `amount`, `balance_before`, `balance_after`, `gift_balance_before`, `gift_balance_after`, `related_id`, `remark`, `created_at`, `updated_at`, `deleted_at`) VALUES (17, 6, 'recharge', 1769, 0, 1769, 0, 0, 'recharge_1757133345562_uwvv6364o', '微信充值', '2025-08-10 09:30:22', '2025-08-10 09:30:22', NULL);
INSERT INTO `balance_ledger` (`id`, `user_id`, `type`, `amount`, `balance_before`, `balance_after`, `gift_balance_before`, `gift_balance_after`, `related_id`, `remark`, `created_at`, `updated_at`, `deleted_at`) VALUES (18, 7, 'recharge', 2587, 0, 2587, 0, 0, 'recharge_1757133345564_9fd8x2q9k', '微信充值', '2025-09-01 10:41:33', '2025-09-01 10:41:33', NULL);
INSERT INTO `balance_ledger` (`id`, `user_id`, `type`, `amount`, `balance_before`, `balance_after`, `gift_balance_before`, `gift_balance_after`, `related_id`, `remark`, `created_at`, `updated_at`, `deleted_at`) VALUES (19, 7, 'recharge', 2256, 0, 2256, 0, 0, 'recharge_1757133345567_8v7r2tzex', '微信充值', '2025-08-29 15:38:34', '2025-08-29 15:38:34', NULL);
INSERT INTO `balance_ledger` (`id`, `user_id`, `type`, `amount`, `balance_before`, `balance_after`, `gift_balance_before`, `gift_balance_after`, `related_id`, `remark`, `created_at`, `updated_at`, `deleted_at`) VALUES (20, 7, 'recharge', 7148, 0, 7148, 0, 0, 'recharge_1757133345569_m690y9c5q', '微信充值', '2025-08-20 00:49:27', '2025-08-20 00:49:27', NULL);
INSERT INTO `balance_ledger` (`id`, `user_id`, `type`, `amount`, `balance_before`, `balance_after`, `gift_balance_before`, `gift_balance_after`, `related_id`, `remark`, `created_at`, `updated_at`, `deleted_at`) VALUES (21, 7, 'recharge', 2349, 0, 2349, 0, 0, 'recharge_1757133345573_jx0pnd8nr', '微信充值', '2025-08-25 05:05:35', '2025-08-25 05:05:35', NULL);

-- ----------------------------
-- Table structure for devices
-- ----------------------------
DROP TABLE IF EXISTS `devices`;
CREATE TABLE `devices` (
  `id` int NOT NULL AUTO_INCREMENT COMMENT '设备ID',
  `devid` varchar(32) COLLATE utf8mb4_unicode_ci NOT NULL COMMENT '设备编号',
  `merchant_id` int NOT NULL COMMENT '商户ID',
  `name` varchar(64) COLLATE utf8mb4_unicode_ci NOT NULL COMMENT '设备名称',
  `description` varchar(255) COLLATE utf8mb4_unicode_ci DEFAULT NULL COMMENT '设备描述',
  `status` enum('offline','online','busy') COLLATE utf8mb4_unicode_ci NOT NULL DEFAULT 'offline' COMMENT '设备状态',
  `location` varchar(255) COLLATE utf8mb4_unicode_ci DEFAULT NULL COMMENT '设备位置',
  `latitude` decimal(10,6) DEFAULT NULL COMMENT '纬度',
  `longitude` decimal(10,6) DEFAULT NULL COMMENT '经度',
  `price_per_minute` int unsigned NOT NULL DEFAULT '300' COMMENT '每分钟价格(分)',
  `min_amount` int unsigned NOT NULL DEFAULT '500' COMMENT '最小消费金额(分)',
  `max_usage_minutes` int unsigned DEFAULT '120' COMMENT '最大使用时长(分钟)',
  `config_params` json DEFAULT NULL COMMENT '设备配置参数',
  `iccid` varchar(32) COLLATE utf8mb4_unicode_ci DEFAULT NULL COMMENT 'SIM卡ICCID',
  `total_orders` int unsigned NOT NULL DEFAULT '0' COMMENT '总订单数',
  `total_revenue` int unsigned NOT NULL DEFAULT '0' COMMENT '总收入(分)',
  `last_seen_at` timestamp NULL DEFAULT NULL COMMENT '最后在线时间',
  `last_order_at` timestamp NULL DEFAULT NULL COMMENT '最后订单时间',
  `is_active` tinyint(1) NOT NULL DEFAULT '1' COMMENT '是否启用',
  `firmware_version` varchar(32) COLLATE utf8mb4_unicode_ci DEFAULT NULL COMMENT '固件版本',
  `signal_strength` varchar(32) COLLATE utf8mb4_unicode_ci DEFAULT NULL COMMENT '信号强度',
  `created_at` timestamp NOT NULL DEFAULT CURRENT_TIMESTAMP COMMENT '创建时间',
  `updated_at` timestamp NOT NULL DEFAULT CURRENT_TIMESTAMP ON UPDATE CURRENT_TIMESTAMP COMMENT '更新时间',
  `deleted_at` timestamp NULL DEFAULT NULL COMMENT '删除时间',
  PRIMARY KEY (`id`),
  UNIQUE KEY `idx_devid` (`devid`),
  KEY `idx_merchant_status` (`merchant_id`,`status`),
  KEY `idx_status` (`status`),
  KEY `idx_status_updated` (`status`,`last_seen_at`),
  CONSTRAINT `fk_devices_merchant` FOREIGN KEY (`merchant_id`) REFERENCES `merchants` (`id`)
) ENGINE=InnoDB AUTO_INCREMENT=15 DEFAULT CHARSET=utf8mb4 COLLATE=utf8mb4_unicode_ci COMMENT='设备表';

-- ----------------------------
-- Records of devices
-- ----------------------------
INSERT INTO `devices` (`id`, `devid`, `merchant_id`, `name`, `description`, `status`, `location`, `latitude`, `longitude`, `price_per_minute`, `min_amount`, `max_usage_minutes`, `config_params`, `iccid`, `total_orders`, `total_revenue`, `last_seen_at`, `last_order_at`, `is_active`, `firmware_version`, `signal_strength`, `created_at`, `updated_at`, `deleted_at`) VALUES (1, 'TEST_DEVICE_001', 1, '1号洗车机', '测试用洗车设备', 'online', NULL, NULL, NULL, 300, 500, 120, NULL, NULL, 4, 15346, NULL, NULL, 1, NULL, NULL, '2025-09-05 18:13:27', '2025-09-06 04:35:45', NULL);
INSERT INTO `devices` (`id`, `devid`, `merchant_id`, `name`, `description`, `status`, `location`, `latitude`, `longitude`, `price_per_minute`, `min_amount`, `max_usage_minutes`, `config_params`, `iccid`, `total_orders`, `total_revenue`, `last_seen_at`, `last_order_at`, `is_active`, `firmware_version`, `signal_strength`, `created_at`, `updated_at`, `deleted_at`) VALUES (2, 'TEST_DEV_001', 2, '测试洗车机1号', '测试用自助洗车设备', 'online', '测试洗车店门口', '39.904200', '116.407400', 300, 500, 120, NULL, NULL, 6, 16460, NULL, NULL, 1, 'v1.0.0', NULL, '2025-09-06 04:33:33', '2025-09-06 04:35:45', NULL);
INSERT INTO `devices` (`id`, `devid`, `merchant_id`, `name`, `description`, `status`, `location`, `latitude`, `longitude`, `price_per_minute`, `min_amount`, `max_usage_minutes`, `config_params`, `iccid`, `total_orders`, `total_revenue`, `last_seen_at`, `last_order_at`, `is_active`, `firmware_version`, `signal_strength`, `created_at`, `updated_at`, `deleted_at`) VALUES (3, '10B_DEV_01', 3, '青青洗车服务中心 - 1号机', '自助洗车设备1号机', 'online', NULL, '31.230469', '121.473534', 278, 531, 101, NULL, NULL, 4, 12551, NULL, NULL, 1, NULL, NULL, '2025-09-06 04:34:50', '2025-09-06 04:35:45', NULL);
INSERT INTO `devices` (`id`, `devid`, `merchant_id`, `name`, `description`, `status`, `location`, `latitude`, `longitude`, `price_per_minute`, `min_amount`, `max_usage_minutes`, `config_params`, `iccid`, `total_orders`, `total_revenue`, `last_seen_at`, `last_order_at`, `is_active`, `firmware_version`, `signal_strength`, `created_at`, `updated_at`, `deleted_at`) VALUES (4, '10B_DEV_02', 3, '青青洗车服务中心 - 2号机', '自助洗车设备2号机', 'online', NULL, '31.230123', '121.473900', 257, 504, 98, NULL, NULL, 11, 29500, NULL, NULL, 1, NULL, NULL, '2025-09-06 04:34:50', '2025-09-06 04:35:45', NULL);
INSERT INTO `devices` (`id`, `devid`, `merchant_id`, `name`, `description`, `status`, `location`, `latitude`, `longitude`, `price_per_minute`, `min_amount`, `max_usage_minutes`, `config_params`, `iccid`, `total_orders`, `total_revenue`, `last_seen_at`, `last_order_at`, `is_active`, `firmware_version`, `signal_strength`, `created_at`, `updated_at`, `deleted_at`) VALUES (5, '09C_DEV_01', 4, '星光汽车美容服务有限公司 - 1号机', '自助洗车设备1号机', 'online', NULL, '23.129437', '113.264452', 317, 490, 130, NULL, NULL, 6, 16813, NULL, NULL, 1, NULL, NULL, '2025-09-06 04:34:50', '2025-09-06 04:35:45', NULL);
INSERT INTO `devices` (`id`, `devid`, `merchant_id`, `name`, `description`, `status`, `location`, `latitude`, `longitude`, `price_per_minute`, `min_amount`, `max_usage_minutes`, `config_params`, `iccid`, `total_orders`, `total_revenue`, `last_seen_at`, `last_order_at`, `is_active`, `firmware_version`, `signal_strength`, `created_at`, `updated_at`, `deleted_at`) VALUES (6, '09C_DEV_02', 4, '星光汽车美容服务有限公司 - 2号机', '自助洗车设备2号机', 'online', NULL, '23.129006', '113.264725', 300, 520, 121, NULL, NULL, 6, 14856, NULL, NULL, 1, NULL, NULL, '2025-09-06 04:34:50', '2025-09-06 04:35:45', NULL);
INSERT INTO `devices` (`id`, `devid`, `merchant_id`, `name`, `description`, `status`, `location`, `latitude`, `longitude`, `price_per_minute`, `min_amount`, `max_usage_minutes`, `config_params`, `iccid`, `total_orders`, `total_revenue`, `last_seen_at`, `last_order_at`, `is_active`, `firmware_version`, `signal_strength`, `created_at`, `updated_at`, `deleted_at`) VALUES (7, '98D_DEV_01', 5, '蓝天汽车服务连锁店 - 1号机', '自助洗车设备1号机', 'online', NULL, '22.542802', '114.058324', 301, 487, 149, NULL, NULL, 7, 17296, NULL, NULL, 1, NULL, NULL, '2025-09-06 04:34:50', '2025-09-06 04:35:45', NULL);
INSERT INTO `devices` (`id`, `devid`, `merchant_id`, `name`, `description`, `status`, `location`, `latitude`, `longitude`, `price_per_minute`, `min_amount`, `max_usage_minutes`, `config_params`, `iccid`, `total_orders`, `total_revenue`, `last_seen_at`, `last_order_at`, `is_active`, `firmware_version`, `signal_strength`, `created_at`, `updated_at`, `deleted_at`) VALUES (8, '98D_DEV_02', 5, '蓝天汽车服务连锁店 - 2号机', '自助洗车设备2号机', 'online', NULL, '22.543382', '114.058049', 265, 465, 144, NULL, NULL, 11, 26104, NULL, NULL, 1, NULL, NULL, '2025-09-06 04:34:50', '2025-09-06 04:35:45', NULL);
INSERT INTO `devices` (`id`, `devid`, `merchant_id`, `name`, `description`, `status`, `location`, `latitude`, `longitude`, `price_per_minute`, `min_amount`, `max_usage_minutes`, `config_params`, `iccid`, `total_orders`, `total_revenue`, `last_seen_at`, `last_order_at`, `is_active`, `firmware_version`, `signal_strength`, `created_at`, `updated_at`, `deleted_at`) VALUES (9, '87E_DEV_01', 6, '快洁自助洗车服务站 - 1号机', '自助洗车设备1号机', 'online', NULL, '30.274595', '120.154792', 276, 450, 107, NULL, NULL, 13, 28044, NULL, NULL, 1, NULL, NULL, '2025-09-06 04:34:50', '2025-09-06 04:35:45', NULL);
INSERT INTO `devices` (`id`, `devid`, `merchant_id`, `name`, `description`, `status`, `location`, `latitude`, `longitude`, `price_per_minute`, `min_amount`, `max_usage_minutes`, `config_params`, `iccid`, `total_orders`, `total_revenue`, `last_seen_at`, `last_order_at`, `is_active`, `firmware_version`, `signal_strength`, `created_at`, `updated_at`, `deleted_at`) VALUES (10, '87E_DEV_02', 6, '快洁自助洗车服务站 - 2号机', '自助洗车设备2号机', 'online', NULL, '30.274295', '120.154697', 344, 403, 98, NULL, NULL, 5, 14521, NULL, NULL, 1, NULL, NULL, '2025-09-06 04:34:50', '2025-09-06 04:35:45', NULL);
INSERT INTO `devices` (`id`, `devid`, `merchant_id`, `name`, `description`, `status`, `location`, `latitude`, `longitude`, `price_per_minute`, `min_amount`, `max_usage_minutes`, `config_params`, `iccid`, `total_orders`, `total_revenue`, `last_seen_at`, `last_order_at`, `is_active`, `firmware_version`, `signal_strength`, `created_at`, `updated_at`, `deleted_at`) VALUES (11, '87E_DEV_03', 6, '快洁自助洗车服务站 - 3号机', '自助洗车设备3号机', 'offline', NULL, '30.273730', '120.155336', 290, 445, 130, NULL, NULL, 12, 26926, NULL, NULL, 1, NULL, NULL, '2025-09-06 04:34:50', '2025-09-06 04:35:45', NULL);
INSERT INTO `devices` (`id`, `devid`, `merchant_id`, `name`, `description`, `status`, `location`, `latitude`, `longitude`, `price_per_minute`, `min_amount`, `max_usage_minutes`, `config_params`, `iccid`, `total_orders`, `total_revenue`, `last_seen_at`, `last_order_at`, `is_active`, `firmware_version`, `signal_strength`, `created_at`, `updated_at`, `deleted_at`) VALUES (12, '76F_DEV_01', 7, '洁净汽车美容养护中心 - 1号机', '自助洗车设备1号机', 'offline', NULL, '32.057974', '118.763174', 251, 408, 121, NULL, NULL, 9, 26257, NULL, NULL, 1, NULL, NULL, '2025-09-06 04:34:50', '2025-09-06 04:35:45', NULL);
INSERT INTO `devices` (`id`, `devid`, `merchant_id`, `name`, `description`, `status`, `location`, `latitude`, `longitude`, `price_per_minute`, `min_amount`, `max_usage_minutes`, `config_params`, `iccid`, `total_orders`, `total_revenue`, `last_seen_at`, `last_order_at`, `is_active`, `firmware_version`, `signal_strength`, `created_at`, `updated_at`, `deleted_at`) VALUES (13, '76F_DEV_02', 7, '洁净汽车美容养护中心 - 2号机', '自助洗车设备2号机', 'online', NULL, '32.057971', '118.763414', 305, 487, 144, NULL, NULL, 8, 22062, NULL, NULL, 1, NULL, NULL, '2025-09-06 04:34:50', '2025-09-06 04:35:45', NULL);
INSERT INTO `devices` (`id`, `devid`, `merchant_id`, `name`, `description`, `status`, `location`, `latitude`, `longitude`, `price_per_minute`, `min_amount`, `max_usage_minutes`, `config_params`, `iccid`, `total_orders`, `total_revenue`, `last_seen_at`, `last_order_at`, `is_active`, `firmware_version`, `signal_strength`, `created_at`, `updated_at`, `deleted_at`) VALUES (14, '76F_DEV_03', 7, '洁净汽车美容养护中心 - 3号机', '自助洗车设备3号机', 'online', NULL, '32.058500', '118.763188', 259, 505, 92, NULL, NULL, 12, 28939, NULL, NULL, 1, NULL, NULL, '2025-09-06 04:34:50', '2025-09-06 04:35:45', NULL);

-- ----------------------------
-- Table structure for merchants
-- ----------------------------
DROP TABLE IF EXISTS `merchants`;
CREATE TABLE `merchants` (
  `id` int NOT NULL AUTO_INCREMENT COMMENT '商户ID',
  `name` varchar(128) COLLATE utf8mb4_unicode_ci NOT NULL COMMENT '商户名称',
  `address` varchar(255) COLLATE utf8mb4_unicode_ci NOT NULL COMMENT '商户地址',
  `contact_phone` varchar(11) COLLATE utf8mb4_unicode_ci NOT NULL COMMENT '联系电话',
  `contact_person` varchar(64) COLLATE utf8mb4_unicode_ci NOT NULL COMMENT '联系人',
  `logo_url` varchar(255) COLLATE utf8mb4_unicode_ci DEFAULT NULL COMMENT '商户logo',
  `description` text COLLATE utf8mb4_unicode_ci COMMENT '商户描述',
  `business_license` varchar(18) COLLATE utf8mb4_unicode_ci DEFAULT NULL COMMENT '营业执照号',
  `license_image_url` varchar(255) COLLATE utf8mb4_unicode_ci DEFAULT NULL COMMENT '执照图片',
  `status` enum('pending','approved','suspended','rejected') COLLATE utf8mb4_unicode_ci NOT NULL DEFAULT 'pending' COMMENT '审核状态',
  `commission_rate` decimal(5,4) NOT NULL DEFAULT '0.1000' COMMENT '佣金比例',
  `total_revenue` int unsigned NOT NULL DEFAULT '0' COMMENT '总收入(分)',
  `pending_settlement` int unsigned NOT NULL DEFAULT '0' COMMENT '待结算金额(分)',
  `bank_account` varchar(32) COLLATE utf8mb4_unicode_ci DEFAULT NULL COMMENT '银行账号',
  `bank_name` varchar(128) COLLATE utf8mb4_unicode_ci DEFAULT NULL COMMENT '银行名称',
  `account_holder` varchar(64) COLLATE utf8mb4_unicode_ci DEFAULT NULL COMMENT '账户持有人',
  `latitude` decimal(10,6) DEFAULT NULL COMMENT '纬度',
  `longitude` decimal(10,6) DEFAULT NULL COMMENT '经度',
  `business_hours` varchar(64) COLLATE utf8mb4_unicode_ci DEFAULT NULL COMMENT '营业时间',
  `approved_at` timestamp NULL DEFAULT NULL COMMENT '审核时间',
  `reject_reason` varchar(255) COLLATE utf8mb4_unicode_ci DEFAULT NULL COMMENT '拒绝原因',
  `created_at` timestamp NOT NULL DEFAULT CURRENT_TIMESTAMP COMMENT '创建时间',
  `updated_at` timestamp NOT NULL DEFAULT CURRENT_TIMESTAMP ON UPDATE CURRENT_TIMESTAMP COMMENT '更新时间',
  `deleted_at` timestamp NULL DEFAULT NULL COMMENT '删除时间',
  PRIMARY KEY (`id`),
  KEY `idx_status` (`status`),
  KEY `idx_contact_phone` (`contact_phone`)
) ENGINE=InnoDB AUTO_INCREMENT=8 DEFAULT CHARSET=utf8mb4 COLLATE=utf8mb4_unicode_ci COMMENT='商户表';

-- ----------------------------
-- Records of merchants
-- ----------------------------
INSERT INTO `merchants` (`id`, `name`, `address`, `contact_phone`, `contact_person`, `logo_url`, `description`, `business_license`, `license_image_url`, `status`, `commission_rate`, `total_revenue`, `pending_settlement`, `bank_account`, `bank_name`, `account_holder`, `latitude`, `longitude`, `business_hours`, `approved_at`, `reject_reason`, `created_at`, `updated_at`, `deleted_at`) VALUES (1, '示例洗车店', '北京市朝阳区示例街道123号', '13800138000', '张三', NULL, NULL, NULL, NULL, 'approved', '0.1000', 0, 0, NULL, NULL, NULL, NULL, NULL, '08:00-22:00', NULL, NULL, '2025-09-05 18:13:27', '2025-09-05 18:13:27', NULL);
INSERT INTO `merchants` (`id`, `name`, `address`, `contact_phone`, `contact_person`, `logo_url`, `description`, `business_license`, `license_image_url`, `status`, `commission_rate`, `total_revenue`, `pending_settlement`, `bank_account`, `bank_name`, `account_holder`, `latitude`, `longitude`, `business_hours`, `approved_at`, `reject_reason`, `created_at`, `updated_at`, `deleted_at`) VALUES (2, '测试洗车店', '北京市朝阳区测试大街88号', '13900139001', '李经理', 'https://example.com/logo.jpg', '这是一家测试用的洗车店，提供专业的洗车服务', '91110000123456789X', 'https://example.com/license.jpg', 'approved', '0.7000', 16460, 9794, '6222000012345678901', '中国工商银行', '李经理', '39.904200', '116.407400', '08:00-20:00', '2025-09-06 04:33:33', NULL, '2025-09-06 04:33:33', '2025-09-06 04:35:45', NULL);
INSERT INTO `merchants` (`id`, `name`, `address`, `contact_phone`, `contact_person`, `logo_url`, `description`, `business_license`, `license_image_url`, `status`, `commission_rate`, `total_revenue`, `pending_settlement`, `bank_account`, `bank_name`, `account_holder`, `latitude`, `longitude`, `business_hours`, `approved_at`, `reject_reason`, `created_at`, `updated_at`, `deleted_at`) VALUES (3, '青青洗车服务中心', '上海市浦东新区陆家嘴金融中心A座', '13900139002', '李老板', NULL, NULL, '91310000876543210B', NULL, 'approved', '0.6800', 42051, 21261, NULL, NULL, NULL, '31.230400', '121.473700', '07:00-22:00', '2025-09-06 04:34:51', NULL, '2025-09-06 04:34:50', '2025-09-06 04:35:45', NULL);
INSERT INTO `merchants` (`id`, `name`, `address`, `contact_phone`, `contact_person`, `logo_url`, `description`, `business_license`, `license_image_url`, `status`, `commission_rate`, `total_revenue`, `pending_settlement`, `bank_account`, `bank_name`, `account_holder`, `latitude`, `longitude`, `business_hours`, `approved_at`, `reject_reason`, `created_at`, `updated_at`, `deleted_at`) VALUES (4, '星光汽车美容服务有限公司', '广州市天河区珠江新城CBD核心区B座', '13900139003', '王总', NULL, NULL, '91440000765432109C', NULL, 'approved', '0.7200', 31669, 11967, NULL, NULL, NULL, '23.129100', '113.264400', '08:30-21:30', '2025-09-06 04:34:51', NULL, '2025-09-06 04:34:50', '2025-09-06 04:35:45', NULL);
INSERT INTO `merchants` (`id`, `name`, `address`, `contact_phone`, `contact_person`, `logo_url`, `description`, `business_license`, `license_image_url`, `status`, `commission_rate`, `total_revenue`, `pending_settlement`, `bank_account`, `bank_name`, `account_holder`, `latitude`, `longitude`, `business_hours`, `approved_at`, `reject_reason`, `created_at`, `updated_at`, `deleted_at`) VALUES (5, '蓝天汽车服务连锁店', '深圳市南山区科技园南区深圳湾1号', '13900139004', '赵经理', NULL, NULL, '91440300654321098D', NULL, 'approved', '0.6500', 43400, 23446, NULL, NULL, NULL, '22.543100', '114.057900', '24小时营业', '2025-09-06 04:34:51', NULL, '2025-09-06 04:34:50', '2025-09-06 04:35:45', NULL);
INSERT INTO `merchants` (`id`, `name`, `address`, `contact_phone`, `contact_person`, `logo_url`, `description`, `business_license`, `license_image_url`, `status`, `commission_rate`, `total_revenue`, `pending_settlement`, `bank_account`, `bank_name`, `account_holder`, `latitude`, `longitude`, `business_hours`, `approved_at`, `reject_reason`, `created_at`, `updated_at`, `deleted_at`) VALUES (6, '快洁自助洗车服务站', '杭州市西湖区文三路398号', '13900139005', '陈店长', NULL, NULL, '91330100543210987E', NULL, 'approved', '0.7500', 69491, 39298, NULL, NULL, NULL, '30.274100', '120.155100', '06:00-23:00', '2025-09-06 04:34:51', NULL, '2025-09-06 04:34:50', '2025-09-06 04:35:45', NULL);
INSERT INTO `merchants` (`id`, `name`, `address`, `contact_phone`, `contact_person`, `logo_url`, `description`, `business_license`, `license_image_url`, `status`, `commission_rate`, `total_revenue`, `pending_settlement`, `bank_account`, `bank_name`, `account_holder`, `latitude`, `longitude`, `business_hours`, `approved_at`, `reject_reason`, `created_at`, `updated_at`, `deleted_at`) VALUES (7, '洁净汽车美容养护中心', '南京市建邺区河西中央商务区', '13900139006', '张老板', NULL, NULL, '91320100432109876F', NULL, 'approved', '0.7000', 77258, 45237, NULL, NULL, NULL, '32.058100', '118.763300', '08:00-20:00', '2025-09-06 04:34:51', NULL, '2025-09-06 04:34:50', '2025-09-06 04:35:45', NULL);

-- ----------------------------
-- Table structure for orders
-- ----------------------------
DROP TABLE IF EXISTS `orders`;
CREATE TABLE `orders` (
  `id` int NOT NULL AUTO_INCREMENT COMMENT '订单ID',
  `order_no` varchar(32) COLLATE utf8mb4_unicode_ci NOT NULL COMMENT '订单号',
  `user_id` int NOT NULL COMMENT '用户ID',
  `device_id` int NOT NULL COMMENT '设备ID',
  `merchant_id` int NOT NULL COMMENT '商户ID',
  `status` enum('INIT','PAY_PENDING','PAID','STARTING','IN_USE','SETTLING','DONE','REFUNDING','CLOSED') COLLATE utf8mb4_unicode_ci NOT NULL DEFAULT 'INIT' COMMENT '订单状态',
  `amount` int unsigned NOT NULL COMMENT '订单金额(分)',
  `paid_amount` int unsigned NOT NULL DEFAULT '0' COMMENT '已支付金额(分)',
  `refund_amount` int unsigned NOT NULL DEFAULT '0' COMMENT '退款金额(分)',
  `payment_method` enum('wechat','balance','gift_balance') COLLATE utf8mb4_unicode_ci DEFAULT NULL COMMENT '支付方式',
  `balance_used` int unsigned NOT NULL DEFAULT '0' COMMENT '使用余额(分)',
  `gift_balance_used` int unsigned NOT NULL DEFAULT '0' COMMENT '使用赠送余额(分)',
  `discount_amount` int unsigned NOT NULL DEFAULT '0' COMMENT '优惠金额(分)',
  `coupon_id` varchar(64) COLLATE utf8mb4_unicode_ci DEFAULT NULL COMMENT '使用的优惠券ID',
  `wechat_prepay_id` varchar(128) COLLATE utf8mb4_unicode_ci DEFAULT NULL COMMENT '微信预支付ID',
  `wechat_transaction_id` varchar(128) COLLATE utf8mb4_unicode_ci DEFAULT NULL COMMENT '微信交易号',
  `payment_info` json DEFAULT NULL COMMENT '支付详细信息',
  `paid_at` timestamp NULL DEFAULT NULL COMMENT '支付时间',
  `start_at` timestamp NULL DEFAULT NULL COMMENT '开始使用时间',
  `end_at` timestamp NULL DEFAULT NULL COMMENT '结束使用时间',
  `duration_minutes` int unsigned DEFAULT NULL COMMENT '使用时长(分钟)',
  `device_data` json DEFAULT NULL COMMENT '设备数据',
  `remark` varchar(255) COLLATE utf8mb4_unicode_ci DEFAULT NULL COMMENT '备注',
  `expire_at` timestamp NULL DEFAULT NULL COMMENT '过期时间',
  `created_at` timestamp NOT NULL DEFAULT CURRENT_TIMESTAMP COMMENT '创建时间',
  `updated_at` timestamp NOT NULL DEFAULT CURRENT_TIMESTAMP ON UPDATE CURRENT_TIMESTAMP COMMENT '更新时间',
  `deleted_at` timestamp NULL DEFAULT NULL COMMENT '删除时间',
  PRIMARY KEY (`id`),
  UNIQUE KEY `idx_order_no` (`order_no`),
  KEY `idx_user_status_time` (`user_id`,`status`,`created_at`),
  KEY `idx_device_time` (`device_id`,`created_at` DESC),
  KEY `idx_merchant_status` (`merchant_id`,`status`),
  KEY `idx_status_time` (`status`,`created_at`),
  KEY `idx_status_created` (`status`,`created_at`),
  CONSTRAINT `fk_orders_device` FOREIGN KEY (`device_id`) REFERENCES `devices` (`id`),
  CONSTRAINT `fk_orders_merchant` FOREIGN KEY (`merchant_id`) REFERENCES `merchants` (`id`),
  CONSTRAINT `fk_orders_user` FOREIGN KEY (`user_id`) REFERENCES `users` (`id`)
) ENGINE=InnoDB AUTO_INCREMENT=147 DEFAULT CHARSET=utf8mb4 COLLATE=utf8mb4_unicode_ci COMMENT='订单表';

-- ----------------------------
-- Records of orders
-- ----------------------------
INSERT INTO `orders` (`id`, `order_no`, `user_id`, `device_id`, `merchant_id`, `status`, `amount`, `paid_amount`, `refund_amount`, `payment_method`, `balance_used`, `gift_balance_used`, `discount_amount`, `coupon_id`, `wechat_prepay_id`, `wechat_transaction_id`, `payment_info`, `paid_at`, `start_at`, `end_at`, `duration_minutes`, `device_data`, `remark`, `expire_at`, `created_at`, `updated_at`, `deleted_at`) VALUES (1, 'LCH1757133344919454', 6, 1, 1, 'DONE', 4740, 4740, 0, 'gift_balance', 0, 4740, 0, NULL, NULL, NULL, NULL, '2025-08-10 03:44:57', '2025-08-10 03:53:05', '2025-08-10 04:42:05', 49, NULL, NULL, '2025-08-10 04:12:51', '2025-08-10 03:42:51', '2025-08-10 03:42:51', NULL);
INSERT INTO `orders` (`id`, `order_no`, `user_id`, `device_id`, `merchant_id`, `status`, `amount`, `paid_amount`, `refund_amount`, `payment_method`, `balance_used`, `gift_balance_used`, `discount_amount`, `coupon_id`, `wechat_prepay_id`, `wechat_transaction_id`, `payment_info`, `paid_at`, `start_at`, `end_at`, `duration_minutes`, `device_data`, `remark`, `expire_at`, `created_at`, `updated_at`, `deleted_at`) VALUES (2, 'LCH1757133344926719', 3, 1, 1, 'CLOSED', 3118, 0, 0, 'gift_balance', 0, 3118, 0, NULL, NULL, NULL, NULL, NULL, NULL, NULL, NULL, NULL, NULL, '2025-08-30 07:08:50', '2025-08-30 06:38:50', '2025-08-30 06:38:50', NULL);
INSERT INTO `orders` (`id`, `order_no`, `user_id`, `device_id`, `merchant_id`, `status`, `amount`, `paid_amount`, `refund_amount`, `payment_method`, `balance_used`, `gift_balance_used`, `discount_amount`, `coupon_id`, `wechat_prepay_id`, `wechat_transaction_id`, `payment_info`, `paid_at`, `start_at`, `end_at`, `duration_minutes`, `device_data`, `remark`, `expire_at`, `created_at`, `updated_at`, `deleted_at`) VALUES (3, 'LCH1757133344932265', 7, 1, 1, 'DONE', 2525, 2525, 0, 'gift_balance', 0, 2525, 0, NULL, NULL, NULL, NULL, '2025-08-24 04:36:09', '2025-08-24 04:44:05', '2025-08-24 06:40:05', 116, NULL, NULL, '2025-08-24 05:03:52', '2025-08-24 04:33:52', '2025-08-24 04:33:52', NULL);
INSERT INTO `orders` (`id`, `order_no`, `user_id`, `device_id`, `merchant_id`, `status`, `amount`, `paid_amount`, `refund_amount`, `payment_method`, `balance_used`, `gift_balance_used`, `discount_amount`, `coupon_id`, `wechat_prepay_id`, `wechat_transaction_id`, `payment_info`, `paid_at`, `start_at`, `end_at`, `duration_minutes`, `device_data`, `remark`, `expire_at`, `created_at`, `updated_at`, `deleted_at`) VALUES (4, 'LCH1757133344936357', 5, 1, 1, 'DONE', 4248, 4248, 0, 'wechat', 0, 0, 0, NULL, NULL, 'wx_1757133344936_j7an5w4kf', NULL, '2025-09-03 12:42:06', '2025-09-03 12:47:31', '2025-09-03 13:30:31', 43, NULL, NULL, '2025-09-03 13:10:13', '2025-09-03 12:40:13', '2025-09-03 12:40:13', NULL);
INSERT INTO `orders` (`id`, `order_no`, `user_id`, `device_id`, `merchant_id`, `status`, `amount`, `paid_amount`, `refund_amount`, `payment_method`, `balance_used`, `gift_balance_used`, `discount_amount`, `coupon_id`, `wechat_prepay_id`, `wechat_transaction_id`, `payment_info`, `paid_at`, `start_at`, `end_at`, `duration_minutes`, `device_data`, `remark`, `expire_at`, `created_at`, `updated_at`, `deleted_at`) VALUES (5, 'LCH1757133344940201', 6, 1, 1, 'DONE', 3833, 3833, 0, 'gift_balance', 0, 3833, 0, NULL, NULL, NULL, NULL, '2025-08-07 09:33:29', '2025-08-07 09:34:21', '2025-08-07 11:28:21', 114, NULL, NULL, '2025-08-07 10:01:20', '2025-08-07 09:31:20', '2025-08-07 09:31:20', NULL);
INSERT INTO `orders` (`id`, `order_no`, `user_id`, `device_id`, `merchant_id`, `status`, `amount`, `paid_amount`, `refund_amount`, `payment_method`, `balance_used`, `gift_balance_used`, `discount_amount`, `coupon_id`, `wechat_prepay_id`, `wechat_transaction_id`, `payment_info`, `paid_at`, `start_at`, `end_at`, `duration_minutes`, `device_data`, `remark`, `expire_at`, `created_at`, `updated_at`, `deleted_at`) VALUES (6, 'LCH1757133344943633', 2, 2, 2, 'DONE', 2606, 2606, 0, 'balance', 2606, 0, 0, NULL, NULL, NULL, NULL, '2025-08-18 14:29:48', '2025-08-18 14:39:24', '2025-08-18 16:24:24', 105, NULL, NULL, '2025-08-18 14:55:10', '2025-08-18 14:25:10', '2025-08-18 14:25:10', NULL);
INSERT INTO `orders` (`id`, `order_no`, `user_id`, `device_id`, `merchant_id`, `status`, `amount`, `paid_amount`, `refund_amount`, `payment_method`, `balance_used`, `gift_balance_used`, `discount_amount`, `coupon_id`, `wechat_prepay_id`, `wechat_transaction_id`, `payment_info`, `paid_at`, `start_at`, `end_at`, `duration_minutes`, `device_data`, `remark`, `expire_at`, `created_at`, `updated_at`, `deleted_at`) VALUES (7, 'LCH1757133344947536', 5, 2, 2, 'CLOSED', 2468, 2468, 0, 'gift_balance', 0, 2468, 0, NULL, NULL, NULL, NULL, '2025-08-24 20:12:36', '2025-08-24 20:20:52', '2025-09-06 04:36:00', 17775, NULL, '需要人工审核退款: 订单结算超时，需要人工审核', '2025-08-24 20:39:02', '2025-08-24 20:09:02', '2025-09-08 19:46:00', NULL);
INSERT INTO `orders` (`id`, `order_no`, `user_id`, `device_id`, `merchant_id`, `status`, `amount`, `paid_amount`, `refund_amount`, `payment_method`, `balance_used`, `gift_balance_used`, `discount_amount`, `coupon_id`, `wechat_prepay_id`, `wechat_transaction_id`, `payment_info`, `paid_at`, `start_at`, `end_at`, `duration_minutes`, `device_data`, `remark`, `expire_at`, `created_at`, `updated_at`, `deleted_at`) VALUES (8, 'LCH1757133344950312', 7, 2, 2, 'DONE', 1010, 1010, 0, 'gift_balance', 0, 1010, 0, NULL, NULL, NULL, NULL, '2025-09-01 00:36:17', '2025-09-01 00:45:35', '2025-09-01 01:10:35', 25, NULL, NULL, '2025-09-01 01:04:57', '2025-09-01 00:34:57', '2025-09-01 00:34:57', NULL);
INSERT INTO `orders` (`id`, `order_no`, `user_id`, `device_id`, `merchant_id`, `status`, `amount`, `paid_amount`, `refund_amount`, `payment_method`, `balance_used`, `gift_balance_used`, `discount_amount`, `coupon_id`, `wechat_prepay_id`, `wechat_transaction_id`, `payment_info`, `paid_at`, `start_at`, `end_at`, `duration_minutes`, `device_data`, `remark`, `expire_at`, `created_at`, `updated_at`, `deleted_at`) VALUES (9, 'LCH1757133344953260', 3, 2, 2, 'DONE', 3760, 3760, 0, 'balance', 3760, 0, 0, NULL, NULL, NULL, NULL, '2025-09-06 02:40:51', '2025-09-06 02:46:52', '2025-09-06 04:18:52', 92, NULL, NULL, '2025-09-06 03:10:16', '2025-09-06 02:40:16', '2025-09-06 02:40:16', NULL);
INSERT INTO `orders` (`id`, `order_no`, `user_id`, `device_id`, `merchant_id`, `status`, `amount`, `paid_amount`, `refund_amount`, `payment_method`, `balance_used`, `gift_balance_used`, `discount_amount`, `coupon_id`, `wechat_prepay_id`, `wechat_transaction_id`, `payment_info`, `paid_at`, `start_at`, `end_at`, `duration_minutes`, `device_data`, `remark`, `expire_at`, `created_at`, `updated_at`, `deleted_at`) VALUES (10, 'LCH1757133344956620', 3, 2, 2, 'CLOSED', 2205, 0, 0, 'wechat', 0, 0, 0, NULL, NULL, 'wx_1757133344956_f6mu9n42u', NULL, NULL, NULL, NULL, NULL, NULL, NULL, '2025-09-01 23:45:51', '2025-09-01 23:15:51', '2025-09-01 23:15:51', NULL);
INSERT INTO `orders` (`id`, `order_no`, `user_id`, `device_id`, `merchant_id`, `status`, `amount`, `paid_amount`, `refund_amount`, `payment_method`, `balance_used`, `gift_balance_used`, `discount_amount`, `coupon_id`, `wechat_prepay_id`, `wechat_transaction_id`, `payment_info`, `paid_at`, `start_at`, `end_at`, `duration_minutes`, `device_data`, `remark`, `expire_at`, `created_at`, `updated_at`, `deleted_at`) VALUES (11, 'LCH1757133344960561', 2, 2, 2, 'DONE', 1776, 1776, 0, 'balance', 1776, 0, 0, NULL, NULL, NULL, NULL, '2025-08-09 14:31:22', '2025-08-09 14:38:21', '2025-08-09 15:45:21', 67, NULL, NULL, '2025-08-09 14:57:39', '2025-08-09 14:27:39', '2025-08-09 14:27:39', NULL);
INSERT INTO `orders` (`id`, `order_no`, `user_id`, `device_id`, `merchant_id`, `status`, `amount`, `paid_amount`, `refund_amount`, `payment_method`, `balance_used`, `gift_balance_used`, `discount_amount`, `coupon_id`, `wechat_prepay_id`, `wechat_transaction_id`, `payment_info`, `paid_at`, `start_at`, `end_at`, `duration_minutes`, `device_data`, `remark`, `expire_at`, `created_at`, `updated_at`, `deleted_at`) VALUES (12, 'LCH1757133344963791', 2, 2, 2, 'DONE', 4840, 4840, 0, 'gift_balance', 0, 4840, 0, NULL, NULL, NULL, NULL, '2025-08-09 02:07:23', '2025-08-09 02:08:34', '2025-08-09 04:04:34', 116, NULL, NULL, '2025-08-09 02:32:54', '2025-08-09 02:02:54', '2025-08-09 02:02:54', NULL);
INSERT INTO `orders` (`id`, `order_no`, `user_id`, `device_id`, `merchant_id`, `status`, `amount`, `paid_amount`, `refund_amount`, `payment_method`, `balance_used`, `gift_balance_used`, `discount_amount`, `coupon_id`, `wechat_prepay_id`, `wechat_transaction_id`, `payment_info`, `paid_at`, `start_at`, `end_at`, `duration_minutes`, `device_data`, `remark`, `expire_at`, `created_at`, `updated_at`, `deleted_at`) VALUES (13, 'LCH1757133344967243', 7, 3, 3, 'CLOSED', 1224, 1224, 0, 'gift_balance', 0, 1224, 0, NULL, NULL, NULL, NULL, '2025-08-13 20:32:42', '2025-08-13 20:35:09', '2025-09-06 04:36:00', 33600, NULL, '需要人工审核退款: 订单结算超时，需要人工审核', '2025-08-13 21:01:29', '2025-08-13 20:31:29', '2025-09-08 19:46:00', NULL);
INSERT INTO `orders` (`id`, `order_no`, `user_id`, `device_id`, `merchant_id`, `status`, `amount`, `paid_amount`, `refund_amount`, `payment_method`, `balance_used`, `gift_balance_used`, `discount_amount`, `coupon_id`, `wechat_prepay_id`, `wechat_transaction_id`, `payment_info`, `paid_at`, `start_at`, `end_at`, `duration_minutes`, `device_data`, `remark`, `expire_at`, `created_at`, `updated_at`, `deleted_at`) VALUES (14, 'LCH1757133344970370', 2, 3, 3, 'CLOSED', 2946, 2946, 0, 'wechat', 0, 0, 0, NULL, NULL, 'wx_1757133344970_sf4shyxlv', NULL, '2025-08-18 08:44:06', '2025-08-18 08:53:20', '2025-09-06 04:36:00', 27102, NULL, '需要人工审核退款: 订单结算超时，需要人工审核', '2025-08-18 09:09:27', '2025-08-18 08:39:27', '2025-09-08 19:46:00', NULL);
INSERT INTO `orders` (`id`, `order_no`, `user_id`, `device_id`, `merchant_id`, `status`, `amount`, `paid_amount`, `refund_amount`, `payment_method`, `balance_used`, `gift_balance_used`, `discount_amount`, `coupon_id`, `wechat_prepay_id`, `wechat_transaction_id`, `payment_info`, `paid_at`, `start_at`, `end_at`, `duration_minutes`, `device_data`, `remark`, `expire_at`, `created_at`, `updated_at`, `deleted_at`) VALUES (15, 'LCH1757133344973939', 3, 3, 3, 'DONE', 4074, 4074, 0, 'gift_balance', 0, 4074, 0, NULL, NULL, NULL, NULL, '2025-08-16 09:43:29', '2025-08-16 09:50:38', '2025-08-16 11:02:38', 72, NULL, NULL, '2025-08-16 10:11:26', '2025-08-16 09:41:26', '2025-08-16 09:41:26', NULL);
INSERT INTO `orders` (`id`, `order_no`, `user_id`, `device_id`, `merchant_id`, `status`, `amount`, `paid_amount`, `refund_amount`, `payment_method`, `balance_used`, `gift_balance_used`, `discount_amount`, `coupon_id`, `wechat_prepay_id`, `wechat_transaction_id`, `payment_info`, `paid_at`, `start_at`, `end_at`, `duration_minutes`, `device_data`, `remark`, `expire_at`, `created_at`, `updated_at`, `deleted_at`) VALUES (16, 'LCH1757133344977723', 4, 3, 3, 'DONE', 4307, 4307, 0, 'gift_balance', 0, 4307, 0, NULL, NULL, NULL, NULL, '2025-08-11 00:12:12', '2025-08-11 00:13:58', '2025-08-11 00:30:58', 17, NULL, NULL, '2025-08-11 00:40:47', '2025-08-11 00:10:47', '2025-08-11 00:10:47', NULL);
INSERT INTO `orders` (`id`, `order_no`, `user_id`, `device_id`, `merchant_id`, `status`, `amount`, `paid_amount`, `refund_amount`, `payment_method`, `balance_used`, `gift_balance_used`, `discount_amount`, `coupon_id`, `wechat_prepay_id`, `wechat_transaction_id`, `payment_info`, `paid_at`, `start_at`, `end_at`, `duration_minutes`, `device_data`, `remark`, `expire_at`, `created_at`, `updated_at`, `deleted_at`) VALUES (17, 'LCH1757133344980047', 4, 3, 3, 'CLOSED', 2621, 0, 0, 'wechat', 0, 0, 0, NULL, NULL, 'wx_1757133344980_kfy06c7k6', NULL, NULL, NULL, NULL, NULL, NULL, NULL, '2025-08-08 08:58:16', '2025-08-08 08:28:16', '2025-08-08 08:28:16', NULL);
INSERT INTO `orders` (`id`, `order_no`, `user_id`, `device_id`, `merchant_id`, `status`, `amount`, `paid_amount`, `refund_amount`, `payment_method`, `balance_used`, `gift_balance_used`, `discount_amount`, `coupon_id`, `wechat_prepay_id`, `wechat_transaction_id`, `payment_info`, `paid_at`, `start_at`, `end_at`, `duration_minutes`, `device_data`, `remark`, `expire_at`, `created_at`, `updated_at`, `deleted_at`) VALUES (18, 'LCH1757133344983230', 5, 3, 3, 'CLOSED', 4829, 0, 0, 'balance', 4829, 0, 0, NULL, NULL, NULL, NULL, NULL, NULL, NULL, NULL, NULL, NULL, '2025-08-09 12:39:14', '2025-08-09 12:09:14', '2025-08-09 12:09:14', NULL);
INSERT INTO `orders` (`id`, `order_no`, `user_id`, `device_id`, `merchant_id`, `status`, `amount`, `paid_amount`, `refund_amount`, `payment_method`, `balance_used`, `gift_balance_used`, `discount_amount`, `coupon_id`, `wechat_prepay_id`, `wechat_transaction_id`, `payment_info`, `paid_at`, `start_at`, `end_at`, `duration_minutes`, `device_data`, `remark`, `expire_at`, `created_at`, `updated_at`, `deleted_at`) VALUES (19, 'LCH1757133344987122', 5, 4, 3, 'DONE', 3353, 3353, 0, 'balance', 3353, 0, 0, NULL, NULL, NULL, NULL, '2025-09-03 14:06:35', '2025-09-03 14:14:48', '2025-09-03 15:06:48', 52, NULL, NULL, '2025-09-03 14:32:07', '2025-09-03 14:02:07', '2025-09-03 14:02:07', NULL);
INSERT INTO `orders` (`id`, `order_no`, `user_id`, `device_id`, `merchant_id`, `status`, `amount`, `paid_amount`, `refund_amount`, `payment_method`, `balance_used`, `gift_balance_used`, `discount_amount`, `coupon_id`, `wechat_prepay_id`, `wechat_transaction_id`, `payment_info`, `paid_at`, `start_at`, `end_at`, `duration_minutes`, `device_data`, `remark`, `expire_at`, `created_at`, `updated_at`, `deleted_at`) VALUES (20, 'LCH1757133344990267', 3, 4, 3, 'CLOSED', 2382, 2382, 0, 'wechat', 0, 0, 0, NULL, NULL, 'wx_1757133344990_ajzauv7fe', NULL, '2025-08-29 06:59:56', '2025-08-29 07:05:04', '2025-09-06 04:36:00', 11370, NULL, '需要人工审核退款: 订单结算超时，需要人工审核', '2025-08-29 07:25:18', '2025-08-29 06:55:18', '2025-09-08 19:46:00', NULL);
INSERT INTO `orders` (`id`, `order_no`, `user_id`, `device_id`, `merchant_id`, `status`, `amount`, `paid_amount`, `refund_amount`, `payment_method`, `balance_used`, `gift_balance_used`, `discount_amount`, `coupon_id`, `wechat_prepay_id`, `wechat_transaction_id`, `payment_info`, `paid_at`, `start_at`, `end_at`, `duration_minutes`, `device_data`, `remark`, `expire_at`, `created_at`, `updated_at`, `deleted_at`) VALUES (21, 'LCH1757133344992077', 5, 4, 3, 'DONE', 1734, 1734, 0, 'balance', 1734, 0, 0, NULL, NULL, NULL, NULL, '2025-08-13 22:39:56', '2025-08-13 22:48:27', '2025-08-13 23:19:27', 31, NULL, NULL, '2025-08-13 23:05:45', '2025-08-13 22:35:45', '2025-08-13 22:35:45', NULL);
INSERT INTO `orders` (`id`, `order_no`, `user_id`, `device_id`, `merchant_id`, `status`, `amount`, `paid_amount`, `refund_amount`, `payment_method`, `balance_used`, `gift_balance_used`, `discount_amount`, `coupon_id`, `wechat_prepay_id`, `wechat_transaction_id`, `payment_info`, `paid_at`, `start_at`, `end_at`, `duration_minutes`, `device_data`, `remark`, `expire_at`, `created_at`, `updated_at`, `deleted_at`) VALUES (22, 'LCH1757133344997378', 3, 4, 3, 'DONE', 2203, 2203, 0, 'balance', 2203, 0, 0, NULL, NULL, NULL, NULL, '2025-08-29 06:59:48', '2025-08-29 07:03:31', '2025-08-29 07:42:31', 39, NULL, NULL, '2025-08-29 07:25:23', '2025-08-29 06:55:23', '2025-08-29 06:55:23', NULL);
INSERT INTO `orders` (`id`, `order_no`, `user_id`, `device_id`, `merchant_id`, `status`, `amount`, `paid_amount`, `refund_amount`, `payment_method`, `balance_used`, `gift_balance_used`, `discount_amount`, `coupon_id`, `wechat_prepay_id`, `wechat_transaction_id`, `payment_info`, `paid_at`, `start_at`, `end_at`, `duration_minutes`, `device_data`, `remark`, `expire_at`, `created_at`, `updated_at`, `deleted_at`) VALUES (23, 'LCH1757133345002311', 2, 4, 3, 'DONE', 1119, 1119, 0, 'balance', 1119, 0, 0, NULL, NULL, NULL, NULL, '2025-08-13 10:39:55', '2025-08-13 10:43:08', '2025-08-13 12:15:08', 92, NULL, NULL, '2025-08-13 11:09:47', '2025-08-13 10:39:47', '2025-08-13 10:39:47', NULL);
INSERT INTO `orders` (`id`, `order_no`, `user_id`, `device_id`, `merchant_id`, `status`, `amount`, `paid_amount`, `refund_amount`, `payment_method`, `balance_used`, `gift_balance_used`, `discount_amount`, `coupon_id`, `wechat_prepay_id`, `wechat_transaction_id`, `payment_info`, `paid_at`, `start_at`, `end_at`, `duration_minutes`, `device_data`, `remark`, `expire_at`, `created_at`, `updated_at`, `deleted_at`) VALUES (24, 'LCH1757133345005075', 3, 4, 3, 'CLOSED', 2699, 0, 0, 'gift_balance', 0, 2699, 0, NULL, NULL, NULL, NULL, NULL, NULL, NULL, NULL, NULL, NULL, '2025-09-04 14:14:36', '2025-09-04 13:44:36', '2025-09-04 13:44:36', NULL);
INSERT INTO `orders` (`id`, `order_no`, `user_id`, `device_id`, `merchant_id`, `status`, `amount`, `paid_amount`, `refund_amount`, `payment_method`, `balance_used`, `gift_balance_used`, `discount_amount`, `coupon_id`, `wechat_prepay_id`, `wechat_transaction_id`, `payment_info`, `paid_at`, `start_at`, `end_at`, `duration_minutes`, `device_data`, `remark`, `expire_at`, `created_at`, `updated_at`, `deleted_at`) VALUES (25, 'LCH1757133345008744', 5, 4, 3, 'CLOSED', 1490, 1490, 0, 'wechat', 0, 0, 0, NULL, NULL, 'wx_1757133345008_h3jstx0t6', NULL, '2025-08-21 12:30:50', '2025-08-21 12:31:55', '2025-09-06 04:36:00', 22564, NULL, '需要人工审核退款: 订单结算超时，需要人工审核', '2025-08-21 12:59:53', '2025-08-21 12:29:53', '2025-09-08 19:46:00', NULL);
INSERT INTO `orders` (`id`, `order_no`, `user_id`, `device_id`, `merchant_id`, `status`, `amount`, `paid_amount`, `refund_amount`, `payment_method`, `balance_used`, `gift_balance_used`, `discount_amount`, `coupon_id`, `wechat_prepay_id`, `wechat_transaction_id`, `payment_info`, `paid_at`, `start_at`, `end_at`, `duration_minutes`, `device_data`, `remark`, `expire_at`, `created_at`, `updated_at`, `deleted_at`) VALUES (26, 'LCH1757133345012244', 2, 4, 3, 'DONE', 3620, 3620, 0, 'balance', 3620, 0, 0, NULL, NULL, NULL, NULL, '2025-08-15 00:14:01', '2025-08-15 00:20:42', '2025-08-15 01:15:42', 55, NULL, NULL, '2025-08-15 00:41:26', '2025-08-15 00:11:26', '2025-08-15 00:11:26', NULL);
INSERT INTO `orders` (`id`, `order_no`, `user_id`, `device_id`, `merchant_id`, `status`, `amount`, `paid_amount`, `refund_amount`, `payment_method`, `balance_used`, `gift_balance_used`, `discount_amount`, `coupon_id`, `wechat_prepay_id`, `wechat_transaction_id`, `payment_info`, `paid_at`, `start_at`, `end_at`, `duration_minutes`, `device_data`, `remark`, `expire_at`, `created_at`, `updated_at`, `deleted_at`) VALUES (27, 'LCH1757133345016317', 7, 4, 3, 'DONE', 4800, 4800, 0, 'gift_balance', 0, 4800, 0, NULL, NULL, NULL, NULL, '2025-08-14 09:39:48', '2025-08-14 09:49:01', '2025-08-14 10:03:01', 14, NULL, NULL, '2025-08-14 10:08:00', '2025-08-14 09:38:00', '2025-08-14 09:38:00', NULL);
INSERT INTO `orders` (`id`, `order_no`, `user_id`, `device_id`, `merchant_id`, `status`, `amount`, `paid_amount`, `refund_amount`, `payment_method`, `balance_used`, `gift_balance_used`, `discount_amount`, `coupon_id`, `wechat_prepay_id`, `wechat_transaction_id`, `payment_info`, `paid_at`, `start_at`, `end_at`, `duration_minutes`, `device_data`, `remark`, `expire_at`, `created_at`, `updated_at`, `deleted_at`) VALUES (28, 'LCH1757133345019417', 4, 4, 3, 'CLOSED', 2483, 0, 0, 'wechat', 0, 0, 0, NULL, NULL, 'wx_1757133345019_9teu8tam6', NULL, NULL, NULL, NULL, NULL, NULL, NULL, '2025-08-23 04:35:43', '2025-08-23 04:05:43', '2025-08-23 04:05:43', NULL);
INSERT INTO `orders` (`id`, `order_no`, `user_id`, `device_id`, `merchant_id`, `status`, `amount`, `paid_amount`, `refund_amount`, `payment_method`, `balance_used`, `gift_balance_used`, `discount_amount`, `coupon_id`, `wechat_prepay_id`, `wechat_transaction_id`, `payment_info`, `paid_at`, `start_at`, `end_at`, `duration_minutes`, `device_data`, `remark`, `expire_at`, `created_at`, `updated_at`, `deleted_at`) VALUES (29, 'LCH1757133345023769', 4, 4, 3, 'DONE', 993, 993, 0, 'wechat', 0, 0, 0, NULL, NULL, 'wx_1757133345023_fv4d1xfmj', NULL, '2025-08-19 21:59:15', '2025-08-19 22:00:53', '2025-08-19 23:40:53', 100, NULL, NULL, '2025-08-19 22:26:49', '2025-08-19 21:56:49', '2025-08-19 21:56:49', NULL);
INSERT INTO `orders` (`id`, `order_no`, `user_id`, `device_id`, `merchant_id`, `status`, `amount`, `paid_amount`, `refund_amount`, `payment_method`, `balance_used`, `gift_balance_used`, `discount_amount`, `coupon_id`, `wechat_prepay_id`, `wechat_transaction_id`, `payment_info`, `paid_at`, `start_at`, `end_at`, `duration_minutes`, `device_data`, `remark`, `expire_at`, `created_at`, `updated_at`, `deleted_at`) VALUES (30, 'LCH1757133345025315', 4, 4, 3, 'DONE', 4170, 4170, 0, 'balance', 4170, 0, 0, NULL, NULL, NULL, NULL, '2025-08-07 14:09:08', '2025-08-07 14:10:50', '2025-08-07 16:01:50', 111, NULL, NULL, '2025-08-07 14:34:10', '2025-08-07 14:04:10', '2025-08-07 14:04:10', NULL);
INSERT INTO `orders` (`id`, `order_no`, `user_id`, `device_id`, `merchant_id`, `status`, `amount`, `paid_amount`, `refund_amount`, `payment_method`, `balance_used`, `gift_balance_used`, `discount_amount`, `coupon_id`, `wechat_prepay_id`, `wechat_transaction_id`, `payment_info`, `paid_at`, `start_at`, `end_at`, `duration_minutes`, `device_data`, `remark`, `expire_at`, `created_at`, `updated_at`, `deleted_at`) VALUES (31, 'LCH1757133345028343', 3, 4, 3, 'CLOSED', 3636, 3636, 0, 'balance', 3636, 0, 0, NULL, NULL, NULL, NULL, '2025-08-15 17:59:26', '2025-08-15 18:02:12', '2025-09-06 04:36:00', 30873, NULL, '需要人工审核退款: 订单结算超时，需要人工审核', '2025-08-15 18:25:15', '2025-08-15 17:55:15', '2025-09-08 19:46:00', NULL);
INSERT INTO `orders` (`id`, `order_no`, `user_id`, `device_id`, `merchant_id`, `status`, `amount`, `paid_amount`, `refund_amount`, `payment_method`, `balance_used`, `gift_balance_used`, `discount_amount`, `coupon_id`, `wechat_prepay_id`, `wechat_transaction_id`, `payment_info`, `paid_at`, `start_at`, `end_at`, `duration_minutes`, `device_data`, `remark`, `expire_at`, `created_at`, `updated_at`, `deleted_at`) VALUES (32, 'LCH1757133345031077', 2, 5, 4, 'CLOSED', 879, 0, 0, 'gift_balance', 0, 879, 0, NULL, NULL, NULL, NULL, NULL, NULL, NULL, NULL, NULL, NULL, '2025-08-13 08:26:23', '2025-08-13 07:56:23', '2025-08-13 07:56:23', NULL);
INSERT INTO `orders` (`id`, `order_no`, `user_id`, `device_id`, `merchant_id`, `status`, `amount`, `paid_amount`, `refund_amount`, `payment_method`, `balance_used`, `gift_balance_used`, `discount_amount`, `coupon_id`, `wechat_prepay_id`, `wechat_transaction_id`, `payment_info`, `paid_at`, `start_at`, `end_at`, `duration_minutes`, `device_data`, `remark`, `expire_at`, `created_at`, `updated_at`, `deleted_at`) VALUES (33, 'LCH1757133345034254', 2, 5, 4, 'DONE', 2509, 2509, 0, 'gift_balance', 0, 2509, 0, NULL, NULL, NULL, NULL, '2025-09-04 14:25:32', '2025-09-04 14:25:40', '2025-09-04 15:43:40', 78, NULL, NULL, '2025-09-04 14:55:18', '2025-09-04 14:25:18', '2025-09-04 14:25:18', NULL);
INSERT INTO `orders` (`id`, `order_no`, `user_id`, `device_id`, `merchant_id`, `status`, `amount`, `paid_amount`, `refund_amount`, `payment_method`, `balance_used`, `gift_balance_used`, `discount_amount`, `coupon_id`, `wechat_prepay_id`, `wechat_transaction_id`, `payment_info`, `paid_at`, `start_at`, `end_at`, `duration_minutes`, `device_data`, `remark`, `expire_at`, `created_at`, `updated_at`, `deleted_at`) VALUES (34, 'LCH1757133345037176', 3, 5, 4, 'CLOSED', 2955, 0, 0, 'gift_balance', 0, 2955, 0, NULL, NULL, NULL, NULL, NULL, NULL, NULL, NULL, NULL, NULL, '2025-08-10 22:55:10', '2025-08-10 22:25:10', '2025-08-10 22:25:10', NULL);
INSERT INTO `orders` (`id`, `order_no`, `user_id`, `device_id`, `merchant_id`, `status`, `amount`, `paid_amount`, `refund_amount`, `payment_method`, `balance_used`, `gift_balance_used`, `discount_amount`, `coupon_id`, `wechat_prepay_id`, `wechat_transaction_id`, `payment_info`, `paid_at`, `start_at`, `end_at`, `duration_minutes`, `device_data`, `remark`, `expire_at`, `created_at`, `updated_at`, `deleted_at`) VALUES (35, 'LCH1757133345039569', 4, 5, 4, 'CLOSED', 3772, 3772, 0, 'wechat', 0, 0, 0, NULL, NULL, 'wx_1757133345039_e5ybs57ll', NULL, '2025-08-15 06:42:35', '2025-08-15 06:43:08', '2025-09-06 04:36:00', 31552, NULL, '需要人工审核退款: 订单结算超时，需要人工审核', '2025-08-15 07:08:53', '2025-08-15 06:38:53', '2025-09-08 19:46:00', NULL);
INSERT INTO `orders` (`id`, `order_no`, `user_id`, `device_id`, `merchant_id`, `status`, `amount`, `paid_amount`, `refund_amount`, `payment_method`, `balance_used`, `gift_balance_used`, `discount_amount`, `coupon_id`, `wechat_prepay_id`, `wechat_transaction_id`, `payment_info`, `paid_at`, `start_at`, `end_at`, `duration_minutes`, `device_data`, `remark`, `expire_at`, `created_at`, `updated_at`, `deleted_at`) VALUES (36, 'LCH1757133345043128', 4, 5, 4, 'DONE', 2763, 2763, 0, 'balance', 2763, 0, 0, NULL, NULL, NULL, NULL, '2025-08-25 17:22:16', '2025-08-25 17:24:13', '2025-08-25 18:30:13', 66, NULL, NULL, '2025-08-25 17:47:23', '2025-08-25 17:17:23', '2025-08-25 17:17:23', NULL);
INSERT INTO `orders` (`id`, `order_no`, `user_id`, `device_id`, `merchant_id`, `status`, `amount`, `paid_amount`, `refund_amount`, `payment_method`, `balance_used`, `gift_balance_used`, `discount_amount`, `coupon_id`, `wechat_prepay_id`, `wechat_transaction_id`, `payment_info`, `paid_at`, `start_at`, `end_at`, `duration_minutes`, `device_data`, `remark`, `expire_at`, `created_at`, `updated_at`, `deleted_at`) VALUES (37, 'LCH1757133345046748', 7, 5, 4, 'CLOSED', 3488, 3488, 0, 'wechat', 0, 0, 0, NULL, NULL, 'wx_1757133345046_1tz23y6kt', NULL, '2025-08-27 02:11:06', '2025-08-27 02:20:23', '2025-09-06 04:36:00', 14535, NULL, '需要人工审核退款: 订单结算超时，需要人工审核', '2025-08-27 02:37:23', '2025-08-27 02:07:23', '2025-09-08 19:46:00', NULL);
INSERT INTO `orders` (`id`, `order_no`, `user_id`, `device_id`, `merchant_id`, `status`, `amount`, `paid_amount`, `refund_amount`, `payment_method`, `balance_used`, `gift_balance_used`, `discount_amount`, `coupon_id`, `wechat_prepay_id`, `wechat_transaction_id`, `payment_info`, `paid_at`, `start_at`, `end_at`, `duration_minutes`, `device_data`, `remark`, `expire_at`, `created_at`, `updated_at`, `deleted_at`) VALUES (38, 'LCH1757133345049063', 3, 5, 4, 'DONE', 1141, 1141, 0, 'balance', 1141, 0, 0, NULL, NULL, NULL, NULL, '2025-08-08 16:12:37', '2025-08-08 16:17:08', '2025-08-08 17:33:08', 76, NULL, NULL, '2025-08-08 16:41:46', '2025-08-08 16:11:46', '2025-08-08 16:11:46', NULL);
INSERT INTO `orders` (`id`, `order_no`, `user_id`, `device_id`, `merchant_id`, `status`, `amount`, `paid_amount`, `refund_amount`, `payment_method`, `balance_used`, `gift_balance_used`, `discount_amount`, `coupon_id`, `wechat_prepay_id`, `wechat_transaction_id`, `payment_info`, `paid_at`, `start_at`, `end_at`, `duration_minutes`, `device_data`, `remark`, `expire_at`, `created_at`, `updated_at`, `deleted_at`) VALUES (39, 'LCH1757133345051127', 6, 5, 4, 'CLOSED', 3140, 3140, 0, 'wechat', 0, 0, 0, NULL, NULL, 'wx_1757133345051_rr6574ln9', NULL, '2025-09-01 23:12:03', '2025-09-01 23:15:16', '2025-09-06 04:36:00', 6080, NULL, '需要人工审核退款: 订单结算超时，需要人工审核', '2025-09-01 23:37:03', '2025-09-01 23:07:03', '2025-09-08 19:46:00', NULL);
INSERT INTO `orders` (`id`, `order_no`, `user_id`, `device_id`, `merchant_id`, `status`, `amount`, `paid_amount`, `refund_amount`, `payment_method`, `balance_used`, `gift_balance_used`, `discount_amount`, `coupon_id`, `wechat_prepay_id`, `wechat_transaction_id`, `payment_info`, `paid_at`, `start_at`, `end_at`, `duration_minutes`, `device_data`, `remark`, `expire_at`, `created_at`, `updated_at`, `deleted_at`) VALUES (40, 'LCH1757133345056970', 5, 6, 4, 'DONE', 1399, 1399, 0, 'gift_balance', 0, 1399, 0, NULL, NULL, NULL, NULL, '2025-08-13 12:10:39', '2025-08-13 12:15:10', '2025-08-13 12:28:10', 13, NULL, NULL, '2025-08-13 12:37:51', '2025-08-13 12:07:51', '2025-08-13 12:07:51', NULL);
INSERT INTO `orders` (`id`, `order_no`, `user_id`, `device_id`, `merchant_id`, `status`, `amount`, `paid_amount`, `refund_amount`, `payment_method`, `balance_used`, `gift_balance_used`, `discount_amount`, `coupon_id`, `wechat_prepay_id`, `wechat_transaction_id`, `payment_info`, `paid_at`, `start_at`, `end_at`, `duration_minutes`, `device_data`, `remark`, `expire_at`, `created_at`, `updated_at`, `deleted_at`) VALUES (41, 'LCH1757133345059464', 2, 6, 4, 'DONE', 585, 585, 0, 'balance', 585, 0, 0, NULL, NULL, NULL, NULL, '2025-08-14 15:56:06', '2025-08-14 15:57:01', '2025-08-14 16:04:01', 7, NULL, NULL, '2025-08-14 16:23:42', '2025-08-14 15:53:42', '2025-08-14 15:53:42', NULL);
INSERT INTO `orders` (`id`, `order_no`, `user_id`, `device_id`, `merchant_id`, `status`, `amount`, `paid_amount`, `refund_amount`, `payment_method`, `balance_used`, `gift_balance_used`, `discount_amount`, `coupon_id`, `wechat_prepay_id`, `wechat_transaction_id`, `payment_info`, `paid_at`, `start_at`, `end_at`, `duration_minutes`, `device_data`, `remark`, `expire_at`, `created_at`, `updated_at`, `deleted_at`) VALUES (42, 'LCH1757133345063206', 2, 6, 4, 'CLOSED', 1637, 0, 0, 'wechat', 0, 0, 0, NULL, NULL, 'wx_1757133345063_gd3nek3k4', NULL, NULL, NULL, NULL, NULL, NULL, NULL, '2025-08-28 14:54:41', '2025-08-28 14:24:41', '2025-08-28 14:24:41', NULL);
INSERT INTO `orders` (`id`, `order_no`, `user_id`, `device_id`, `merchant_id`, `status`, `amount`, `paid_amount`, `refund_amount`, `payment_method`, `balance_used`, `gift_balance_used`, `discount_amount`, `coupon_id`, `wechat_prepay_id`, `wechat_transaction_id`, `payment_info`, `paid_at`, `start_at`, `end_at`, `duration_minutes`, `device_data`, `remark`, `expire_at`, `created_at`, `updated_at`, `deleted_at`) VALUES (43, 'LCH1757133345065733', 7, 6, 4, 'DONE', 4083, 4083, 0, 'balance', 4083, 0, 0, NULL, NULL, NULL, NULL, '2025-09-02 02:25:16', '2025-09-02 02:28:08', '2025-09-02 02:39:08', 11, NULL, NULL, '2025-09-02 02:50:42', '2025-09-02 02:20:42', '2025-09-02 02:20:42', NULL);
INSERT INTO `orders` (`id`, `order_no`, `user_id`, `device_id`, `merchant_id`, `status`, `amount`, `paid_amount`, `refund_amount`, `payment_method`, `balance_used`, `gift_balance_used`, `discount_amount`, `coupon_id`, `wechat_prepay_id`, `wechat_transaction_id`, `payment_info`, `paid_at`, `start_at`, `end_at`, `duration_minutes`, `device_data`, `remark`, `expire_at`, `created_at`, `updated_at`, `deleted_at`) VALUES (44, 'LCH1757133345067099', 7, 6, 4, 'CLOSED', 4174, 4174, 0, 'balance', 4174, 0, 0, NULL, NULL, NULL, NULL, '2025-08-15 13:48:04', '2025-08-15 13:54:46', '2025-09-06 04:36:00', 31121, NULL, '需要人工审核退款: 订单结算超时，需要人工审核', '2025-08-15 14:15:00', '2025-08-15 13:45:00', '2025-09-08 19:46:00', NULL);
INSERT INTO `orders` (`id`, `order_no`, `user_id`, `device_id`, `merchant_id`, `status`, `amount`, `paid_amount`, `refund_amount`, `payment_method`, `balance_used`, `gift_balance_used`, `discount_amount`, `coupon_id`, `wechat_prepay_id`, `wechat_transaction_id`, `payment_info`, `paid_at`, `start_at`, `end_at`, `duration_minutes`, `device_data`, `remark`, `expire_at`, `created_at`, `updated_at`, `deleted_at`) VALUES (45, 'LCH1757133345070003', 6, 6, 4, 'DONE', 2244, 2244, 0, 'balance', 2244, 0, 0, NULL, NULL, NULL, NULL, '2025-08-25 15:12:30', '2025-08-25 15:19:46', '2025-08-25 16:02:46', 43, NULL, NULL, '2025-08-25 15:41:16', '2025-08-25 15:11:16', '2025-08-25 15:11:16', NULL);
INSERT INTO `orders` (`id`, `order_no`, `user_id`, `device_id`, `merchant_id`, `status`, `amount`, `paid_amount`, `refund_amount`, `payment_method`, `balance_used`, `gift_balance_used`, `discount_amount`, `coupon_id`, `wechat_prepay_id`, `wechat_transaction_id`, `payment_info`, `paid_at`, `start_at`, `end_at`, `duration_minutes`, `device_data`, `remark`, `expire_at`, `created_at`, `updated_at`, `deleted_at`) VALUES (46, 'LCH1757133345074666', 7, 6, 4, 'DONE', 2371, 2371, 0, 'balance', 2371, 0, 0, NULL, NULL, NULL, NULL, '2025-08-07 18:21:32', '2025-08-07 18:25:08', '2025-08-07 18:45:08', 20, NULL, NULL, '2025-08-07 18:46:43', '2025-08-07 18:16:43', '2025-08-07 18:16:43', NULL);
INSERT INTO `orders` (`id`, `order_no`, `user_id`, `device_id`, `merchant_id`, `status`, `amount`, `paid_amount`, `refund_amount`, `payment_method`, `balance_used`, `gift_balance_used`, `discount_amount`, `coupon_id`, `wechat_prepay_id`, `wechat_transaction_id`, `payment_info`, `paid_at`, `start_at`, `end_at`, `duration_minutes`, `device_data`, `remark`, `expire_at`, `created_at`, `updated_at`, `deleted_at`) VALUES (47, 'LCH1757133345078634', 5, 7, 5, 'DONE', 3545, 3545, 0, 'wechat', 0, 0, 0, NULL, NULL, 'wx_1757133345078_b126aicrf', NULL, '2025-08-26 02:55:02', '2025-08-26 02:55:39', '2025-08-26 03:13:39', 18, NULL, NULL, '2025-08-26 03:23:50', '2025-08-26 02:53:50', '2025-08-26 02:53:50', NULL);
INSERT INTO `orders` (`id`, `order_no`, `user_id`, `device_id`, `merchant_id`, `status`, `amount`, `paid_amount`, `refund_amount`, `payment_method`, `balance_used`, `gift_balance_used`, `discount_amount`, `coupon_id`, `wechat_prepay_id`, `wechat_transaction_id`, `payment_info`, `paid_at`, `start_at`, `end_at`, `duration_minutes`, `device_data`, `remark`, `expire_at`, `created_at`, `updated_at`, `deleted_at`) VALUES (48, 'LCH1757133345081112', 3, 7, 5, 'CLOSED', 1527, 0, 0, 'balance', 1527, 0, 0, NULL, NULL, NULL, NULL, NULL, NULL, NULL, NULL, NULL, NULL, '2025-08-09 21:26:57', '2025-08-09 20:56:57', '2025-08-09 20:56:57', NULL);
INSERT INTO `orders` (`id`, `order_no`, `user_id`, `device_id`, `merchant_id`, `status`, `amount`, `paid_amount`, `refund_amount`, `payment_method`, `balance_used`, `gift_balance_used`, `discount_amount`, `coupon_id`, `wechat_prepay_id`, `wechat_transaction_id`, `payment_info`, `paid_at`, `start_at`, `end_at`, `duration_minutes`, `device_data`, `remark`, `expire_at`, `created_at`, `updated_at`, `deleted_at`) VALUES (49, 'LCH1757133345084521', 4, 7, 5, 'DONE', 3419, 3419, 0, 'balance', 3419, 0, 0, NULL, NULL, NULL, NULL, '2025-09-04 21:18:11', '2025-09-04 21:27:43', '2025-09-04 23:12:43', 105, NULL, NULL, '2025-09-04 21:45:33', '2025-09-04 21:15:33', '2025-09-04 21:15:33', NULL);
INSERT INTO `orders` (`id`, `order_no`, `user_id`, `device_id`, `merchant_id`, `status`, `amount`, `paid_amount`, `refund_amount`, `payment_method`, `balance_used`, `gift_balance_used`, `discount_amount`, `coupon_id`, `wechat_prepay_id`, `wechat_transaction_id`, `payment_info`, `paid_at`, `start_at`, `end_at`, `duration_minutes`, `device_data`, `remark`, `expire_at`, `created_at`, `updated_at`, `deleted_at`) VALUES (50, 'LCH1757133345087134', 2, 7, 5, 'DONE', 4163, 4163, 0, 'balance', 4163, 0, 0, NULL, NULL, NULL, NULL, '2025-08-11 12:54:05', '2025-08-11 12:57:20', '2025-08-11 14:47:20', 110, NULL, NULL, '2025-08-11 13:21:14', '2025-08-11 12:51:14', '2025-08-11 12:51:14', NULL);
INSERT INTO `orders` (`id`, `order_no`, `user_id`, `device_id`, `merchant_id`, `status`, `amount`, `paid_amount`, `refund_amount`, `payment_method`, `balance_used`, `gift_balance_used`, `discount_amount`, `coupon_id`, `wechat_prepay_id`, `wechat_transaction_id`, `payment_info`, `paid_at`, `start_at`, `end_at`, `duration_minutes`, `device_data`, `remark`, `expire_at`, `created_at`, `updated_at`, `deleted_at`) VALUES (51, 'LCH1757133345090717', 5, 7, 5, 'CLOSED', 914, 0, 0, 'wechat', 0, 0, 0, NULL, NULL, 'wx_1757133345090_z47ttion0', NULL, NULL, NULL, NULL, NULL, NULL, NULL, '2025-08-20 15:55:12', '2025-08-20 15:25:12', '2025-08-20 15:25:12', NULL);
INSERT INTO `orders` (`id`, `order_no`, `user_id`, `device_id`, `merchant_id`, `status`, `amount`, `paid_amount`, `refund_amount`, `payment_method`, `balance_used`, `gift_balance_used`, `discount_amount`, `coupon_id`, `wechat_prepay_id`, `wechat_transaction_id`, `payment_info`, `paid_at`, `start_at`, `end_at`, `duration_minutes`, `device_data`, `remark`, `expire_at`, `created_at`, `updated_at`, `deleted_at`) VALUES (52, 'LCH1757133345093908', 7, 7, 5, 'CLOSED', 4031, 0, 0, 'gift_balance', 0, 4031, 0, NULL, NULL, NULL, NULL, NULL, NULL, NULL, NULL, NULL, NULL, '2025-09-04 00:15:10', '2025-09-03 23:45:10', '2025-09-03 23:45:10', NULL);
INSERT INTO `orders` (`id`, `order_no`, `user_id`, `device_id`, `merchant_id`, `status`, `amount`, `paid_amount`, `refund_amount`, `payment_method`, `balance_used`, `gift_balance_used`, `discount_amount`, `coupon_id`, `wechat_prepay_id`, `wechat_transaction_id`, `payment_info`, `paid_at`, `start_at`, `end_at`, `duration_minutes`, `device_data`, `remark`, `expire_at`, `created_at`, `updated_at`, `deleted_at`) VALUES (53, 'LCH1757133345097344', 3, 7, 5, 'CLOSED', 3987, 0, 0, 'wechat', 0, 0, 0, NULL, NULL, 'wx_1757133345097_2lazwxmo4', NULL, NULL, NULL, NULL, NULL, NULL, NULL, '2025-08-08 17:51:50', '2025-08-08 17:21:50', '2025-08-08 17:21:50', NULL);
INSERT INTO `orders` (`id`, `order_no`, `user_id`, `device_id`, `merchant_id`, `status`, `amount`, `paid_amount`, `refund_amount`, `payment_method`, `balance_used`, `gift_balance_used`, `discount_amount`, `coupon_id`, `wechat_prepay_id`, `wechat_transaction_id`, `payment_info`, `paid_at`, `start_at`, `end_at`, `duration_minutes`, `device_data`, `remark`, `expire_at`, `created_at`, `updated_at`, `deleted_at`) VALUES (54, 'LCH1757133345099840', 6, 7, 5, 'DONE', 2988, 2988, 0, 'gift_balance', 0, 2988, 0, NULL, NULL, NULL, NULL, '2025-08-28 17:52:55', '2025-08-28 17:54:50', '2025-08-28 18:28:50', 34, NULL, NULL, '2025-08-28 18:22:19', '2025-08-28 17:52:19', '2025-08-28 17:52:19', NULL);
INSERT INTO `orders` (`id`, `order_no`, `user_id`, `device_id`, `merchant_id`, `status`, `amount`, `paid_amount`, `refund_amount`, `payment_method`, `balance_used`, `gift_balance_used`, `discount_amount`, `coupon_id`, `wechat_prepay_id`, `wechat_transaction_id`, `payment_info`, `paid_at`, `start_at`, `end_at`, `duration_minutes`, `device_data`, `remark`, `expire_at`, `created_at`, `updated_at`, `deleted_at`) VALUES (55, 'LCH1757133345102201', 5, 7, 5, 'DONE', 1382, 1382, 0, 'balance', 1382, 0, 0, NULL, NULL, NULL, NULL, '2025-08-27 03:31:17', '2025-08-27 03:35:56', '2025-08-27 03:41:56', 6, NULL, NULL, '2025-08-27 04:01:14', '2025-08-27 03:31:14', '2025-08-27 03:31:14', NULL);
INSERT INTO `orders` (`id`, `order_no`, `user_id`, `device_id`, `merchant_id`, `status`, `amount`, `paid_amount`, `refund_amount`, `payment_method`, `balance_used`, `gift_balance_used`, `discount_amount`, `coupon_id`, `wechat_prepay_id`, `wechat_transaction_id`, `payment_info`, `paid_at`, `start_at`, `end_at`, `duration_minutes`, `device_data`, `remark`, `expire_at`, `created_at`, `updated_at`, `deleted_at`) VALUES (56, 'LCH1757133345105736', 2, 7, 5, 'DONE', 865, 865, 0, 'gift_balance', 0, 865, 0, NULL, NULL, NULL, NULL, '2025-08-24 01:40:22', '2025-08-24 01:44:56', '2025-08-24 03:23:56', 99, NULL, NULL, '2025-08-24 02:06:40', '2025-08-24 01:36:40', '2025-08-24 01:36:40', NULL);
INSERT INTO `orders` (`id`, `order_no`, `user_id`, `device_id`, `merchant_id`, `status`, `amount`, `paid_amount`, `refund_amount`, `payment_method`, `balance_used`, `gift_balance_used`, `discount_amount`, `coupon_id`, `wechat_prepay_id`, `wechat_transaction_id`, `payment_info`, `paid_at`, `start_at`, `end_at`, `duration_minutes`, `device_data`, `remark`, `expire_at`, `created_at`, `updated_at`, `deleted_at`) VALUES (57, 'LCH1757133345108667', 2, 7, 5, 'DONE', 934, 934, 0, 'wechat', 0, 0, 0, NULL, NULL, 'wx_1757133345108_rnju9ff5q', NULL, '2025-08-09 22:26:54', '2025-08-09 22:30:34', '2025-08-09 23:58:34', 88, NULL, NULL, '2025-08-09 22:53:19', '2025-08-09 22:23:19', '2025-08-09 22:23:19', NULL);
INSERT INTO `orders` (`id`, `order_no`, `user_id`, `device_id`, `merchant_id`, `status`, `amount`, `paid_amount`, `refund_amount`, `payment_method`, `balance_used`, `gift_balance_used`, `discount_amount`, `coupon_id`, `wechat_prepay_id`, `wechat_transaction_id`, `payment_info`, `paid_at`, `start_at`, `end_at`, `duration_minutes`, `device_data`, `remark`, `expire_at`, `created_at`, `updated_at`, `deleted_at`) VALUES (58, 'LCH1757133345111920', 6, 8, 5, 'DONE', 574, 574, 0, 'balance', 574, 0, 0, NULL, NULL, NULL, NULL, '2025-08-14 00:42:13', '2025-08-14 00:43:39', '2025-08-14 02:14:39', 91, NULL, NULL, '2025-08-14 01:10:51', '2025-08-14 00:40:51', '2025-08-14 00:40:51', NULL);
INSERT INTO `orders` (`id`, `order_no`, `user_id`, `device_id`, `merchant_id`, `status`, `amount`, `paid_amount`, `refund_amount`, `payment_method`, `balance_used`, `gift_balance_used`, `discount_amount`, `coupon_id`, `wechat_prepay_id`, `wechat_transaction_id`, `payment_info`, `paid_at`, `start_at`, `end_at`, `duration_minutes`, `device_data`, `remark`, `expire_at`, `created_at`, `updated_at`, `deleted_at`) VALUES (59, 'LCH1757133345114646', 7, 8, 5, 'CLOSED', 2190, 2190, 0, 'balance', 2190, 0, 0, NULL, NULL, NULL, NULL, '2025-09-05 20:23:59', '2025-09-05 20:29:29', '2025-09-06 04:36:00', 486, NULL, '需要人工审核退款: 订单结算超时，需要人工审核', '2025-09-05 20:51:46', '2025-09-05 20:21:46', '2025-09-08 19:46:00', NULL);
INSERT INTO `orders` (`id`, `order_no`, `user_id`, `device_id`, `merchant_id`, `status`, `amount`, `paid_amount`, `refund_amount`, `payment_method`, `balance_used`, `gift_balance_used`, `discount_amount`, `coupon_id`, `wechat_prepay_id`, `wechat_transaction_id`, `payment_info`, `paid_at`, `start_at`, `end_at`, `duration_minutes`, `device_data`, `remark`, `expire_at`, `created_at`, `updated_at`, `deleted_at`) VALUES (60, 'LCH1757133345117140', 3, 8, 5, 'DONE', 3337, 3337, 0, 'gift_balance', 0, 3337, 0, NULL, NULL, NULL, NULL, '2025-08-09 01:51:07', '2025-08-09 01:52:47', '2025-08-09 02:15:47', 23, NULL, NULL, '2025-08-09 02:20:41', '2025-08-09 01:50:41', '2025-08-09 01:50:41', NULL);
INSERT INTO `orders` (`id`, `order_no`, `user_id`, `device_id`, `merchant_id`, `status`, `amount`, `paid_amount`, `refund_amount`, `payment_method`, `balance_used`, `gift_balance_used`, `discount_amount`, `coupon_id`, `wechat_prepay_id`, `wechat_transaction_id`, `payment_info`, `paid_at`, `start_at`, `end_at`, `duration_minutes`, `device_data`, `remark`, `expire_at`, `created_at`, `updated_at`, `deleted_at`) VALUES (61, 'LCH1757133345121258', 7, 8, 5, 'CLOSED', 3439, 0, 0, 'wechat', 0, 0, 0, NULL, NULL, 'wx_1757133345121_f044d3u40', NULL, NULL, NULL, NULL, NULL, NULL, NULL, '2025-08-18 20:25:14', '2025-08-18 19:55:14', '2025-08-18 19:55:14', NULL);
INSERT INTO `orders` (`id`, `order_no`, `user_id`, `device_id`, `merchant_id`, `status`, `amount`, `paid_amount`, `refund_amount`, `payment_method`, `balance_used`, `gift_balance_used`, `discount_amount`, `coupon_id`, `wechat_prepay_id`, `wechat_transaction_id`, `payment_info`, `paid_at`, `start_at`, `end_at`, `duration_minutes`, `device_data`, `remark`, `expire_at`, `created_at`, `updated_at`, `deleted_at`) VALUES (62, 'LCH1757133345124041', 6, 8, 5, 'DONE', 3168, 3168, 0, 'balance', 3168, 0, 0, NULL, NULL, NULL, NULL, '2025-08-23 07:01:04', '2025-08-23 07:06:58', '2025-08-23 07:36:58', 30, NULL, NULL, '2025-08-23 07:28:55', '2025-08-23 06:58:55', '2025-08-23 06:58:55', NULL);
INSERT INTO `orders` (`id`, `order_no`, `user_id`, `device_id`, `merchant_id`, `status`, `amount`, `paid_amount`, `refund_amount`, `payment_method`, `balance_used`, `gift_balance_used`, `discount_amount`, `coupon_id`, `wechat_prepay_id`, `wechat_transaction_id`, `payment_info`, `paid_at`, `start_at`, `end_at`, `duration_minutes`, `device_data`, `remark`, `expire_at`, `created_at`, `updated_at`, `deleted_at`) VALUES (63, 'LCH1757133345127709', 4, 8, 5, 'CLOSED', 4905, 4905, 0, 'balance', 4905, 0, 0, NULL, NULL, NULL, NULL, '2025-09-03 02:17:37', '2025-09-03 02:21:28', '2025-09-06 04:36:00', 4454, NULL, '需要人工审核退款: 订单结算超时，需要人工审核', '2025-09-03 02:46:17', '2025-09-03 02:16:17', '2025-09-08 19:46:00', NULL);
INSERT INTO `orders` (`id`, `order_no`, `user_id`, `device_id`, `merchant_id`, `status`, `amount`, `paid_amount`, `refund_amount`, `payment_method`, `balance_used`, `gift_balance_used`, `discount_amount`, `coupon_id`, `wechat_prepay_id`, `wechat_transaction_id`, `payment_info`, `paid_at`, `start_at`, `end_at`, `duration_minutes`, `device_data`, `remark`, `expire_at`, `created_at`, `updated_at`, `deleted_at`) VALUES (64, 'LCH1757133345130712', 6, 8, 5, 'DONE', 3040, 3040, 0, 'wechat', 0, 0, 0, NULL, NULL, 'wx_1757133345130_whlwfwrge', NULL, '2025-09-04 10:30:05', '2025-09-04 10:33:40', '2025-09-04 12:01:40', 88, NULL, NULL, '2025-09-04 10:58:39', '2025-09-04 10:28:39', '2025-09-04 10:28:39', NULL);
INSERT INTO `orders` (`id`, `order_no`, `user_id`, `device_id`, `merchant_id`, `status`, `amount`, `paid_amount`, `refund_amount`, `payment_method`, `balance_used`, `gift_balance_used`, `discount_amount`, `coupon_id`, `wechat_prepay_id`, `wechat_transaction_id`, `payment_info`, `paid_at`, `start_at`, `end_at`, `duration_minutes`, `device_data`, `remark`, `expire_at`, `created_at`, `updated_at`, `deleted_at`) VALUES (65, 'LCH1757133345132889', 5, 8, 5, 'DONE', 4508, 4508, 0, 'wechat', 0, 0, 0, NULL, NULL, 'wx_1757133345132_et4xobosl', NULL, '2025-08-17 20:43:38', '2025-08-17 20:43:40', '2025-08-17 21:30:40', 47, NULL, NULL, '2025-08-17 21:10:04', '2025-08-17 20:40:04', '2025-08-17 20:40:04', NULL);
INSERT INTO `orders` (`id`, `order_no`, `user_id`, `device_id`, `merchant_id`, `status`, `amount`, `paid_amount`, `refund_amount`, `payment_method`, `balance_used`, `gift_balance_used`, `discount_amount`, `coupon_id`, `wechat_prepay_id`, `wechat_transaction_id`, `payment_info`, `paid_at`, `start_at`, `end_at`, `duration_minutes`, `device_data`, `remark`, `expire_at`, `created_at`, `updated_at`, `deleted_at`) VALUES (66, 'LCH1757133345136277', 6, 8, 5, 'CLOSED', 2437, 0, 0, 'gift_balance', 0, 2437, 0, NULL, NULL, NULL, NULL, NULL, NULL, NULL, NULL, NULL, NULL, '2025-09-04 04:16:06', '2025-09-04 03:46:06', '2025-09-04 03:46:06', NULL);
INSERT INTO `orders` (`id`, `order_no`, `user_id`, `device_id`, `merchant_id`, `status`, `amount`, `paid_amount`, `refund_amount`, `payment_method`, `balance_used`, `gift_balance_used`, `discount_amount`, `coupon_id`, `wechat_prepay_id`, `wechat_transaction_id`, `payment_info`, `paid_at`, `start_at`, `end_at`, `duration_minutes`, `device_data`, `remark`, `expire_at`, `created_at`, `updated_at`, `deleted_at`) VALUES (67, 'LCH1757133345139875', 7, 8, 5, 'CLOSED', 1149, 1149, 0, 'balance', 1149, 0, 0, NULL, NULL, NULL, NULL, '2025-08-09 11:25:24', '2025-08-09 11:34:10', '2025-09-06 04:36:00', 39901, NULL, '需要人工审核退款: 订单结算超时，需要人工审核', '2025-08-09 11:55:14', '2025-08-09 11:25:14', '2025-09-08 19:46:00', NULL);
INSERT INTO `orders` (`id`, `order_no`, `user_id`, `device_id`, `merchant_id`, `status`, `amount`, `paid_amount`, `refund_amount`, `payment_method`, `balance_used`, `gift_balance_used`, `discount_amount`, `coupon_id`, `wechat_prepay_id`, `wechat_transaction_id`, `payment_info`, `paid_at`, `start_at`, `end_at`, `duration_minutes`, `device_data`, `remark`, `expire_at`, `created_at`, `updated_at`, `deleted_at`) VALUES (68, 'LCH1757133345142359', 3, 8, 5, 'CLOSED', 1662, 1662, 0, 'wechat', 0, 0, 0, NULL, NULL, 'wx_1757133345142_bom72v57v', NULL, '2025-08-30 23:27:43', '2025-08-30 23:30:26', '2025-09-06 04:36:00', 8945, NULL, '需要人工审核退款: 订单结算超时，需要人工审核', '2025-08-30 23:56:03', '2025-08-30 23:26:03', '2025-09-08 19:46:00', NULL);
INSERT INTO `orders` (`id`, `order_no`, `user_id`, `device_id`, `merchant_id`, `status`, `amount`, `paid_amount`, `refund_amount`, `payment_method`, `balance_used`, `gift_balance_used`, `discount_amount`, `coupon_id`, `wechat_prepay_id`, `wechat_transaction_id`, `payment_info`, `paid_at`, `start_at`, `end_at`, `duration_minutes`, `device_data`, `remark`, `expire_at`, `created_at`, `updated_at`, `deleted_at`) VALUES (69, 'LCH1757133345145710', 6, 8, 5, 'DONE', 965, 965, 0, 'wechat', 0, 0, 0, NULL, NULL, 'wx_1757133345145_r9r2sl4oh', NULL, '2025-08-09 02:45:33', '2025-08-09 02:46:40', '2025-08-09 04:06:40', 80, NULL, NULL, '2025-08-09 03:13:23', '2025-08-09 02:43:23', '2025-08-09 02:43:23', NULL);
INSERT INTO `orders` (`id`, `order_no`, `user_id`, `device_id`, `merchant_id`, `status`, `amount`, `paid_amount`, `refund_amount`, `payment_method`, `balance_used`, `gift_balance_used`, `discount_amount`, `coupon_id`, `wechat_prepay_id`, `wechat_transaction_id`, `payment_info`, `paid_at`, `start_at`, `end_at`, `duration_minutes`, `device_data`, `remark`, `expire_at`, `created_at`, `updated_at`, `deleted_at`) VALUES (70, 'LCH1757133345148050', 7, 8, 5, 'DONE', 606, 606, 0, 'wechat', 0, 0, 0, NULL, NULL, 'wx_1757133345148_n6wrypi9y', NULL, '2025-08-08 07:14:44', '2025-08-08 07:23:06', '2025-08-08 08:53:06', 90, NULL, NULL, '2025-08-08 07:41:16', '2025-08-08 07:11:16', '2025-08-08 07:11:16', NULL);
INSERT INTO `orders` (`id`, `order_no`, `user_id`, `device_id`, `merchant_id`, `status`, `amount`, `paid_amount`, `refund_amount`, `payment_method`, `balance_used`, `gift_balance_used`, `discount_amount`, `coupon_id`, `wechat_prepay_id`, `wechat_transaction_id`, `payment_info`, `paid_at`, `start_at`, `end_at`, `duration_minutes`, `device_data`, `remark`, `expire_at`, `created_at`, `updated_at`, `deleted_at`) VALUES (71, 'LCH1757133345151745', 4, 8, 5, 'CLOSED', 3715, 0, 0, 'balance', 3715, 0, 0, NULL, NULL, NULL, NULL, NULL, NULL, NULL, NULL, NULL, NULL, '2025-08-19 09:01:57', '2025-08-19 08:31:57', '2025-08-19 08:31:57', NULL);
INSERT INTO `orders` (`id`, `order_no`, `user_id`, `device_id`, `merchant_id`, `status`, `amount`, `paid_amount`, `refund_amount`, `payment_method`, `balance_used`, `gift_balance_used`, `discount_amount`, `coupon_id`, `wechat_prepay_id`, `wechat_transaction_id`, `payment_info`, `paid_at`, `start_at`, `end_at`, `duration_minutes`, `device_data`, `remark`, `expire_at`, `created_at`, `updated_at`, `deleted_at`) VALUES (72, 'LCH1757133345155205', 4, 9, 6, 'DONE', 2424, 2424, 0, 'balance', 2424, 0, 0, NULL, NULL, NULL, NULL, '2025-08-25 14:46:49', '2025-08-25 14:49:45', '2025-08-25 16:29:45', 100, NULL, NULL, '2025-08-25 15:14:49', '2025-08-25 14:44:49', '2025-08-25 14:44:49', NULL);
INSERT INTO `orders` (`id`, `order_no`, `user_id`, `device_id`, `merchant_id`, `status`, `amount`, `paid_amount`, `refund_amount`, `payment_method`, `balance_used`, `gift_balance_used`, `discount_amount`, `coupon_id`, `wechat_prepay_id`, `wechat_transaction_id`, `payment_info`, `paid_at`, `start_at`, `end_at`, `duration_minutes`, `device_data`, `remark`, `expire_at`, `created_at`, `updated_at`, `deleted_at`) VALUES (73, 'LCH1757133345158138', 4, 9, 6, 'DONE', 2845, 2845, 0, 'balance', 2845, 0, 0, NULL, NULL, NULL, NULL, '2025-08-24 07:30:38', '2025-08-24 07:30:39', '2025-08-24 08:47:39', 77, NULL, NULL, '2025-08-24 07:58:49', '2025-08-24 07:28:49', '2025-08-24 07:28:49', NULL);
INSERT INTO `orders` (`id`, `order_no`, `user_id`, `device_id`, `merchant_id`, `status`, `amount`, `paid_amount`, `refund_amount`, `payment_method`, `balance_used`, `gift_balance_used`, `discount_amount`, `coupon_id`, `wechat_prepay_id`, `wechat_transaction_id`, `payment_info`, `paid_at`, `start_at`, `end_at`, `duration_minutes`, `device_data`, `remark`, `expire_at`, `created_at`, `updated_at`, `deleted_at`) VALUES (74, 'LCH1757133345161498', 4, 9, 6, 'DONE', 649, 649, 0, 'balance', 649, 0, 0, NULL, NULL, NULL, NULL, '2025-08-23 17:53:42', '2025-08-23 17:56:39', '2025-08-23 18:42:39', 46, NULL, NULL, '2025-08-23 18:20:16', '2025-08-23 17:50:16', '2025-08-23 17:50:16', NULL);
INSERT INTO `orders` (`id`, `order_no`, `user_id`, `device_id`, `merchant_id`, `status`, `amount`, `paid_amount`, `refund_amount`, `payment_method`, `balance_used`, `gift_balance_used`, `discount_amount`, `coupon_id`, `wechat_prepay_id`, `wechat_transaction_id`, `payment_info`, `paid_at`, `start_at`, `end_at`, `duration_minutes`, `device_data`, `remark`, `expire_at`, `created_at`, `updated_at`, `deleted_at`) VALUES (75, 'LCH1757133345163562', 3, 9, 6, 'DONE', 1798, 1798, 0, 'gift_balance', 0, 1798, 0, NULL, NULL, NULL, NULL, '2025-08-10 21:02:42', '2025-08-10 21:03:47', '2025-08-10 21:23:47', 20, NULL, NULL, '2025-08-10 21:30:53', '2025-08-10 21:00:53', '2025-08-10 21:00:53', NULL);
INSERT INTO `orders` (`id`, `order_no`, `user_id`, `device_id`, `merchant_id`, `status`, `amount`, `paid_amount`, `refund_amount`, `payment_method`, `balance_used`, `gift_balance_used`, `discount_amount`, `coupon_id`, `wechat_prepay_id`, `wechat_transaction_id`, `payment_info`, `paid_at`, `start_at`, `end_at`, `duration_minutes`, `device_data`, `remark`, `expire_at`, `created_at`, `updated_at`, `deleted_at`) VALUES (76, 'LCH1757133345166059', 6, 9, 6, 'DONE', 3872, 3872, 0, 'wechat', 0, 0, 0, NULL, NULL, 'wx_1757133345166_0d4tmm18h', NULL, '2025-09-03 14:12:47', '2025-09-03 14:15:47', '2025-09-03 15:54:47', 99, NULL, NULL, '2025-09-03 14:40:45', '2025-09-03 14:10:45', '2025-09-03 14:10:45', NULL);
INSERT INTO `orders` (`id`, `order_no`, `user_id`, `device_id`, `merchant_id`, `status`, `amount`, `paid_amount`, `refund_amount`, `payment_method`, `balance_used`, `gift_balance_used`, `discount_amount`, `coupon_id`, `wechat_prepay_id`, `wechat_transaction_id`, `payment_info`, `paid_at`, `start_at`, `end_at`, `duration_minutes`, `device_data`, `remark`, `expire_at`, `created_at`, `updated_at`, `deleted_at`) VALUES (77, 'LCH1757133345169577', 6, 9, 6, 'DONE', 4463, 4463, 0, 'balance', 4463, 0, 0, NULL, NULL, NULL, NULL, '2025-08-24 16:42:16', '2025-08-24 16:51:52', '2025-08-24 17:41:52', 50, NULL, NULL, '2025-08-24 17:11:10', '2025-08-24 16:41:10', '2025-08-24 16:41:10', NULL);
INSERT INTO `orders` (`id`, `order_no`, `user_id`, `device_id`, `merchant_id`, `status`, `amount`, `paid_amount`, `refund_amount`, `payment_method`, `balance_used`, `gift_balance_used`, `discount_amount`, `coupon_id`, `wechat_prepay_id`, `wechat_transaction_id`, `payment_info`, `paid_at`, `start_at`, `end_at`, `duration_minutes`, `device_data`, `remark`, `expire_at`, `created_at`, `updated_at`, `deleted_at`) VALUES (78, 'LCH1757133345172248', 2, 9, 6, 'DONE', 4356, 4356, 0, 'gift_balance', 0, 4356, 0, NULL, NULL, NULL, NULL, '2025-09-02 14:12:54', '2025-09-02 14:17:39', '2025-09-02 15:11:39', 54, NULL, NULL, '2025-09-02 14:39:52', '2025-09-02 14:09:52', '2025-09-02 14:09:52', NULL);
INSERT INTO `orders` (`id`, `order_no`, `user_id`, `device_id`, `merchant_id`, `status`, `amount`, `paid_amount`, `refund_amount`, `payment_method`, `balance_used`, `gift_balance_used`, `discount_amount`, `coupon_id`, `wechat_prepay_id`, `wechat_transaction_id`, `payment_info`, `paid_at`, `start_at`, `end_at`, `duration_minutes`, `device_data`, `remark`, `expire_at`, `created_at`, `updated_at`, `deleted_at`) VALUES (79, 'LCH1757133345175854', 3, 9, 6, 'CLOSED', 1532, 1532, 0, 'balance', 1532, 0, 0, NULL, NULL, NULL, NULL, '2025-09-01 17:22:07', '2025-09-01 17:23:41', '2025-09-06 04:36:00', 6432, NULL, '需要人工审核退款: 订单结算超时，需要人工审核', '2025-09-01 17:47:17', '2025-09-01 17:17:17', '2025-09-08 19:46:00', NULL);
INSERT INTO `orders` (`id`, `order_no`, `user_id`, `device_id`, `merchant_id`, `status`, `amount`, `paid_amount`, `refund_amount`, `payment_method`, `balance_used`, `gift_balance_used`, `discount_amount`, `coupon_id`, `wechat_prepay_id`, `wechat_transaction_id`, `payment_info`, `paid_at`, `start_at`, `end_at`, `duration_minutes`, `device_data`, `remark`, `expire_at`, `created_at`, `updated_at`, `deleted_at`) VALUES (80, 'LCH1757133345180555', 3, 9, 6, 'DONE', 1355, 1355, 0, 'gift_balance', 0, 1355, 0, NULL, NULL, NULL, NULL, '2025-08-15 22:49:47', '2025-08-15 22:58:02', '2025-08-15 23:56:02', 58, NULL, NULL, '2025-08-15 23:18:18', '2025-08-15 22:48:18', '2025-08-15 22:48:18', NULL);
INSERT INTO `orders` (`id`, `order_no`, `user_id`, `device_id`, `merchant_id`, `status`, `amount`, `paid_amount`, `refund_amount`, `payment_method`, `balance_used`, `gift_balance_used`, `discount_amount`, `coupon_id`, `wechat_prepay_id`, `wechat_transaction_id`, `payment_info`, `paid_at`, `start_at`, `end_at`, `duration_minutes`, `device_data`, `remark`, `expire_at`, `created_at`, `updated_at`, `deleted_at`) VALUES (81, 'LCH1757133345183767', 2, 9, 6, 'DONE', 595, 595, 0, 'wechat', 0, 0, 0, NULL, NULL, 'wx_1757133345183_11szvnyum', NULL, '2025-09-03 19:07:18', '2025-09-03 19:08:02', '2025-09-03 20:20:02', 72, NULL, NULL, '2025-09-03 19:37:14', '2025-09-03 19:07:14', '2025-09-03 19:07:14', NULL);
INSERT INTO `orders` (`id`, `order_no`, `user_id`, `device_id`, `merchant_id`, `status`, `amount`, `paid_amount`, `refund_amount`, `payment_method`, `balance_used`, `gift_balance_used`, `discount_amount`, `coupon_id`, `wechat_prepay_id`, `wechat_transaction_id`, `payment_info`, `paid_at`, `start_at`, `end_at`, `duration_minutes`, `device_data`, `remark`, `expire_at`, `created_at`, `updated_at`, `deleted_at`) VALUES (82, 'LCH1757133345186898', 5, 9, 6, 'DONE', 1223, 1223, 0, 'balance', 1223, 0, 0, NULL, NULL, NULL, NULL, '2025-08-17 22:10:00', '2025-08-17 22:12:33', '2025-08-17 23:02:33', 50, NULL, NULL, '2025-08-17 22:38:28', '2025-08-17 22:08:28', '2025-08-17 22:08:28', NULL);
INSERT INTO `orders` (`id`, `order_no`, `user_id`, `device_id`, `merchant_id`, `status`, `amount`, `paid_amount`, `refund_amount`, `payment_method`, `balance_used`, `gift_balance_used`, `discount_amount`, `coupon_id`, `wechat_prepay_id`, `wechat_transaction_id`, `payment_info`, `paid_at`, `start_at`, `end_at`, `duration_minutes`, `device_data`, `remark`, `expire_at`, `created_at`, `updated_at`, `deleted_at`) VALUES (83, 'LCH1757133345188108', 3, 9, 6, 'DONE', 777, 777, 0, 'balance', 777, 0, 0, NULL, NULL, NULL, NULL, '2025-08-28 17:31:59', '2025-08-28 17:37:08', '2025-08-28 19:04:08', 87, NULL, NULL, '2025-08-28 17:57:11', '2025-08-28 17:27:11', '2025-08-28 17:27:11', NULL);
INSERT INTO `orders` (`id`, `order_no`, `user_id`, `device_id`, `merchant_id`, `status`, `amount`, `paid_amount`, `refund_amount`, `payment_method`, `balance_used`, `gift_balance_used`, `discount_amount`, `coupon_id`, `wechat_prepay_id`, `wechat_transaction_id`, `payment_info`, `paid_at`, `start_at`, `end_at`, `duration_minutes`, `device_data`, `remark`, `expire_at`, `created_at`, `updated_at`, `deleted_at`) VALUES (84, 'LCH1757133345191083', 4, 9, 6, 'CLOSED', 2937, 0, 0, 'wechat', 0, 0, 0, NULL, NULL, 'wx_1757133345191_7mlnl5osk', NULL, NULL, NULL, NULL, NULL, NULL, NULL, '2025-08-29 00:13:42', '2025-08-28 23:43:42', '2025-08-28 23:43:42', NULL);
INSERT INTO `orders` (`id`, `order_no`, `user_id`, `device_id`, `merchant_id`, `status`, `amount`, `paid_amount`, `refund_amount`, `payment_method`, `balance_used`, `gift_balance_used`, `discount_amount`, `coupon_id`, `wechat_prepay_id`, `wechat_transaction_id`, `payment_info`, `paid_at`, `start_at`, `end_at`, `duration_minutes`, `device_data`, `remark`, `expire_at`, `created_at`, `updated_at`, `deleted_at`) VALUES (85, 'LCH1757133345193034', 5, 9, 6, 'DONE', 2155, 2155, 0, 'wechat', 0, 0, 0, NULL, NULL, 'wx_1757133345193_1bctejpfi', NULL, '2025-08-31 02:23:45', '2025-08-31 02:27:54', '2025-08-31 04:22:54', 115, NULL, NULL, '2025-08-31 02:51:02', '2025-08-31 02:21:02', '2025-08-31 02:21:02', NULL);
INSERT INTO `orders` (`id`, `order_no`, `user_id`, `device_id`, `merchant_id`, `status`, `amount`, `paid_amount`, `refund_amount`, `payment_method`, `balance_used`, `gift_balance_used`, `discount_amount`, `coupon_id`, `wechat_prepay_id`, `wechat_transaction_id`, `payment_info`, `paid_at`, `start_at`, `end_at`, `duration_minutes`, `device_data`, `remark`, `expire_at`, `created_at`, `updated_at`, `deleted_at`) VALUES (86, 'LCH1757133345196075', 5, 9, 6, 'CLOSED', 1121, 0, 0, 'wechat', 0, 0, 0, NULL, NULL, 'wx_1757133345196_q9micuilm', NULL, NULL, NULL, NULL, NULL, NULL, NULL, '2025-09-03 16:09:35', '2025-09-03 15:39:35', '2025-09-03 15:39:35', NULL);
INSERT INTO `orders` (`id`, `order_no`, `user_id`, `device_id`, `merchant_id`, `status`, `amount`, `paid_amount`, `refund_amount`, `payment_method`, `balance_used`, `gift_balance_used`, `discount_amount`, `coupon_id`, `wechat_prepay_id`, `wechat_transaction_id`, `payment_info`, `paid_at`, `start_at`, `end_at`, `duration_minutes`, `device_data`, `remark`, `expire_at`, `created_at`, `updated_at`, `deleted_at`) VALUES (87, 'LCH1757133345203474', 7, 10, 6, 'CLOSED', 3929, 3929, 0, 'balance', 3929, 0, 0, NULL, NULL, NULL, NULL, '2025-08-29 01:19:35', '2025-08-29 01:27:18', '2025-09-06 04:36:00', 11708, NULL, '需要人工审核退款: 订单结算超时，需要人工审核', '2025-08-29 01:47:41', '2025-08-29 01:17:41', '2025-09-08 19:46:00', NULL);
INSERT INTO `orders` (`id`, `order_no`, `user_id`, `device_id`, `merchant_id`, `status`, `amount`, `paid_amount`, `refund_amount`, `payment_method`, `balance_used`, `gift_balance_used`, `discount_amount`, `coupon_id`, `wechat_prepay_id`, `wechat_transaction_id`, `payment_info`, `paid_at`, `start_at`, `end_at`, `duration_minutes`, `device_data`, `remark`, `expire_at`, `created_at`, `updated_at`, `deleted_at`) VALUES (88, 'LCH1757133345208815', 4, 10, 6, 'DONE', 3198, 3198, 0, 'wechat', 0, 0, 0, NULL, NULL, 'wx_1757133345208_4i96pn2ho', NULL, '2025-08-10 00:07:32', '2025-08-10 00:07:53', '2025-08-10 01:28:53', 81, NULL, NULL, '2025-08-10 00:34:31', '2025-08-10 00:04:31', '2025-08-10 00:04:31', NULL);
INSERT INTO `orders` (`id`, `order_no`, `user_id`, `device_id`, `merchant_id`, `status`, `amount`, `paid_amount`, `refund_amount`, `payment_method`, `balance_used`, `gift_balance_used`, `discount_amount`, `coupon_id`, `wechat_prepay_id`, `wechat_transaction_id`, `payment_info`, `paid_at`, `start_at`, `end_at`, `duration_minutes`, `device_data`, `remark`, `expire_at`, `created_at`, `updated_at`, `deleted_at`) VALUES (89, 'LCH1757133345210997', 2, 10, 6, 'CLOSED', 2425, 0, 0, 'gift_balance', 0, 2425, 0, NULL, NULL, NULL, NULL, NULL, NULL, NULL, NULL, NULL, NULL, '2025-08-27 19:50:41', '2025-08-27 19:20:41', '2025-08-27 19:20:41', NULL);
INSERT INTO `orders` (`id`, `order_no`, `user_id`, `device_id`, `merchant_id`, `status`, `amount`, `paid_amount`, `refund_amount`, `payment_method`, `balance_used`, `gift_balance_used`, `discount_amount`, `coupon_id`, `wechat_prepay_id`, `wechat_transaction_id`, `payment_info`, `paid_at`, `start_at`, `end_at`, `duration_minutes`, `device_data`, `remark`, `expire_at`, `created_at`, `updated_at`, `deleted_at`) VALUES (90, 'LCH1757133345214280', 4, 10, 6, 'CLOSED', 4491, 0, 0, 'balance', 4491, 0, 0, NULL, NULL, NULL, NULL, NULL, NULL, NULL, NULL, NULL, NULL, '2025-08-29 00:29:33', '2025-08-28 23:59:33', '2025-08-28 23:59:33', NULL);
INSERT INTO `orders` (`id`, `order_no`, `user_id`, `device_id`, `merchant_id`, `status`, `amount`, `paid_amount`, `refund_amount`, `payment_method`, `balance_used`, `gift_balance_used`, `discount_amount`, `coupon_id`, `wechat_prepay_id`, `wechat_transaction_id`, `payment_info`, `paid_at`, `start_at`, `end_at`, `duration_minutes`, `device_data`, `remark`, `expire_at`, `created_at`, `updated_at`, `deleted_at`) VALUES (91, 'LCH1757133345217718', 2, 10, 6, 'DONE', 534, 534, 0, 'gift_balance', 0, 534, 0, NULL, NULL, NULL, NULL, '2025-09-01 15:39:59', '2025-09-01 15:45:30', '2025-09-01 17:15:30', 90, NULL, NULL, '2025-09-01 16:07:28', '2025-09-01 15:37:28', '2025-09-01 15:37:28', NULL);
INSERT INTO `orders` (`id`, `order_no`, `user_id`, `device_id`, `merchant_id`, `status`, `amount`, `paid_amount`, `refund_amount`, `payment_method`, `balance_used`, `gift_balance_used`, `discount_amount`, `coupon_id`, `wechat_prepay_id`, `wechat_transaction_id`, `payment_info`, `paid_at`, `start_at`, `end_at`, `duration_minutes`, `device_data`, `remark`, `expire_at`, `created_at`, `updated_at`, `deleted_at`) VALUES (92, 'LCH1757133345220465', 7, 10, 6, 'CLOSED', 2487, 0, 0, 'wechat', 0, 0, 0, NULL, NULL, 'wx_1757133345220_j8yvvz4ak', NULL, NULL, NULL, NULL, NULL, NULL, NULL, '2025-08-29 20:48:34', '2025-08-29 20:18:34', '2025-08-29 20:18:34', NULL);
INSERT INTO `orders` (`id`, `order_no`, `user_id`, `device_id`, `merchant_id`, `status`, `amount`, `paid_amount`, `refund_amount`, `payment_method`, `balance_used`, `gift_balance_used`, `discount_amount`, `coupon_id`, `wechat_prepay_id`, `wechat_transaction_id`, `payment_info`, `paid_at`, `start_at`, `end_at`, `duration_minutes`, `device_data`, `remark`, `expire_at`, `created_at`, `updated_at`, `deleted_at`) VALUES (93, 'LCH1757133345223382', 2, 10, 6, 'CLOSED', 2921, 2921, 0, 'gift_balance', 0, 2921, 0, NULL, NULL, NULL, NULL, '2025-08-30 10:36:03', '2025-08-30 10:38:26', '2025-09-06 04:36:00', 9717, NULL, '需要人工审核退款: 订单结算超时，需要人工审核', '2025-08-30 11:03:17', '2025-08-30 10:33:17', '2025-09-08 19:46:00', NULL);
INSERT INTO `orders` (`id`, `order_no`, `user_id`, `device_id`, `merchant_id`, `status`, `amount`, `paid_amount`, `refund_amount`, `payment_method`, `balance_used`, `gift_balance_used`, `discount_amount`, `coupon_id`, `wechat_prepay_id`, `wechat_transaction_id`, `payment_info`, `paid_at`, `start_at`, `end_at`, `duration_minutes`, `device_data`, `remark`, `expire_at`, `created_at`, `updated_at`, `deleted_at`) VALUES (94, 'LCH1757133345225679', 5, 10, 6, 'CLOSED', 3059, 0, 0, 'balance', 3059, 0, 0, NULL, NULL, NULL, NULL, NULL, NULL, NULL, NULL, NULL, NULL, '2025-08-07 13:28:50', '2025-08-07 12:58:50', '2025-08-07 12:58:50', NULL);
INSERT INTO `orders` (`id`, `order_no`, `user_id`, `device_id`, `merchant_id`, `status`, `amount`, `paid_amount`, `refund_amount`, `payment_method`, `balance_used`, `gift_balance_used`, `discount_amount`, `coupon_id`, `wechat_prepay_id`, `wechat_transaction_id`, `payment_info`, `paid_at`, `start_at`, `end_at`, `duration_minutes`, `device_data`, `remark`, `expire_at`, `created_at`, `updated_at`, `deleted_at`) VALUES (95, 'LCH1757133345229584', 2, 10, 6, 'DONE', 3939, 3939, 0, 'balance', 3939, 0, 0, NULL, NULL, NULL, NULL, '2025-08-24 04:42:08', '2025-08-24 04:51:59', '2025-08-24 05:49:59', 58, NULL, NULL, '2025-08-24 05:07:56', '2025-08-24 04:37:56', '2025-08-24 04:37:56', NULL);
INSERT INTO `orders` (`id`, `order_no`, `user_id`, `device_id`, `merchant_id`, `status`, `amount`, `paid_amount`, `refund_amount`, `payment_method`, `balance_used`, `gift_balance_used`, `discount_amount`, `coupon_id`, `wechat_prepay_id`, `wechat_transaction_id`, `payment_info`, `paid_at`, `start_at`, `end_at`, `duration_minutes`, `device_data`, `remark`, `expire_at`, `created_at`, `updated_at`, `deleted_at`) VALUES (96, 'LCH1757133345233587', 5, 11, 6, 'DONE', 1254, 1254, 0, 'balance', 1254, 0, 0, NULL, NULL, NULL, NULL, '2025-08-30 23:36:10', '2025-08-30 23:42:59', '2025-08-31 01:20:59', 98, NULL, NULL, '2025-08-31 00:02:08', '2025-08-30 23:32:08', '2025-08-30 23:32:08', NULL);
INSERT INTO `orders` (`id`, `order_no`, `user_id`, `device_id`, `merchant_id`, `status`, `amount`, `paid_amount`, `refund_amount`, `payment_method`, `balance_used`, `gift_balance_used`, `discount_amount`, `coupon_id`, `wechat_prepay_id`, `wechat_transaction_id`, `payment_info`, `paid_at`, `start_at`, `end_at`, `duration_minutes`, `device_data`, `remark`, `expire_at`, `created_at`, `updated_at`, `deleted_at`) VALUES (97, 'LCH1757133345237183', 6, 11, 6, 'DONE', 861, 861, 0, 'wechat', 0, 0, 0, NULL, NULL, 'wx_1757133345237_pnab7hu94', NULL, '2025-08-11 18:40:28', '2025-08-11 18:45:42', '2025-08-11 20:34:42', 109, NULL, NULL, '2025-08-11 19:09:49', '2025-08-11 18:39:49', '2025-08-11 18:39:49', NULL);
INSERT INTO `orders` (`id`, `order_no`, `user_id`, `device_id`, `merchant_id`, `status`, `amount`, `paid_amount`, `refund_amount`, `payment_method`, `balance_used`, `gift_balance_used`, `discount_amount`, `coupon_id`, `wechat_prepay_id`, `wechat_transaction_id`, `payment_info`, `paid_at`, `start_at`, `end_at`, `duration_minutes`, `device_data`, `remark`, `expire_at`, `created_at`, `updated_at`, `deleted_at`) VALUES (98, 'LCH1757133345241102', 2, 11, 6, 'CLOSED', 2022, 2022, 0, 'gift_balance', 0, 2022, 0, NULL, NULL, NULL, NULL, '2025-09-01 07:55:31', '2025-09-01 08:03:45', '2025-09-06 04:36:00', 6992, NULL, '需要人工审核退款: 订单结算超时，需要人工审核', '2025-09-01 08:24:12', '2025-09-01 07:54:12', '2025-09-08 19:46:00', NULL);
INSERT INTO `orders` (`id`, `order_no`, `user_id`, `device_id`, `merchant_id`, `status`, `amount`, `paid_amount`, `refund_amount`, `payment_method`, `balance_used`, `gift_balance_used`, `discount_amount`, `coupon_id`, `wechat_prepay_id`, `wechat_transaction_id`, `payment_info`, `paid_at`, `start_at`, `end_at`, `duration_minutes`, `device_data`, `remark`, `expire_at`, `created_at`, `updated_at`, `deleted_at`) VALUES (99, 'LCH1757133345243576', 4, 11, 6, 'DONE', 902, 902, 0, 'gift_balance', 0, 902, 0, NULL, NULL, NULL, NULL, '2025-08-21 19:06:08', '2025-08-21 19:12:19', '2025-08-21 20:46:19', 94, NULL, NULL, '2025-08-21 19:32:17', '2025-08-21 19:02:17', '2025-08-21 19:02:17', NULL);
INSERT INTO `orders` (`id`, `order_no`, `user_id`, `device_id`, `merchant_id`, `status`, `amount`, `paid_amount`, `refund_amount`, `payment_method`, `balance_used`, `gift_balance_used`, `discount_amount`, `coupon_id`, `wechat_prepay_id`, `wechat_transaction_id`, `payment_info`, `paid_at`, `start_at`, `end_at`, `duration_minutes`, `device_data`, `remark`, `expire_at`, `created_at`, `updated_at`, `deleted_at`) VALUES (100, 'LCH1757133345246577', 2, 11, 6, 'DONE', 1302, 1302, 0, 'gift_balance', 0, 1302, 0, NULL, NULL, NULL, NULL, '2025-08-23 03:43:41', '2025-08-23 03:51:36', '2025-08-23 04:15:36', 24, NULL, NULL, '2025-08-23 04:13:01', '2025-08-23 03:43:01', '2025-08-23 03:43:01', NULL);
INSERT INTO `orders` (`id`, `order_no`, `user_id`, `device_id`, `merchant_id`, `status`, `amount`, `paid_amount`, `refund_amount`, `payment_method`, `balance_used`, `gift_balance_used`, `discount_amount`, `coupon_id`, `wechat_prepay_id`, `wechat_transaction_id`, `payment_info`, `paid_at`, `start_at`, `end_at`, `duration_minutes`, `device_data`, `remark`, `expire_at`, `created_at`, `updated_at`, `deleted_at`) VALUES (101, 'LCH1757133345248469', 7, 11, 6, 'DONE', 2493, 2493, 0, 'wechat', 0, 0, 0, NULL, NULL, 'wx_1757133345248_7m9zuiak1', NULL, '2025-08-30 23:27:23', '2025-08-30 23:37:00', '2025-08-31 00:56:00', 79, NULL, NULL, '2025-08-30 23:55:26', '2025-08-30 23:25:26', '2025-08-30 23:25:26', NULL);
INSERT INTO `orders` (`id`, `order_no`, `user_id`, `device_id`, `merchant_id`, `status`, `amount`, `paid_amount`, `refund_amount`, `payment_method`, `balance_used`, `gift_balance_used`, `discount_amount`, `coupon_id`, `wechat_prepay_id`, `wechat_transaction_id`, `payment_info`, `paid_at`, `start_at`, `end_at`, `duration_minutes`, `device_data`, `remark`, `expire_at`, `created_at`, `updated_at`, `deleted_at`) VALUES (102, 'LCH1757133345251429', 6, 11, 6, 'CLOSED', 4651, 0, 0, 'balance', 4651, 0, 0, NULL, NULL, NULL, NULL, NULL, NULL, NULL, NULL, NULL, NULL, '2025-08-13 15:38:26', '2025-08-13 15:08:26', '2025-08-13 15:08:26', NULL);
INSERT INTO `orders` (`id`, `order_no`, `user_id`, `device_id`, `merchant_id`, `status`, `amount`, `paid_amount`, `refund_amount`, `payment_method`, `balance_used`, `gift_balance_used`, `discount_amount`, `coupon_id`, `wechat_prepay_id`, `wechat_transaction_id`, `payment_info`, `paid_at`, `start_at`, `end_at`, `duration_minutes`, `device_data`, `remark`, `expire_at`, `created_at`, `updated_at`, `deleted_at`) VALUES (103, 'LCH1757133345255273', 5, 11, 6, 'DONE', 676, 676, 0, 'wechat', 0, 0, 0, NULL, NULL, 'wx_1757133345255_glhjauoyd', NULL, '2025-08-07 12:51:51', '2025-08-07 12:54:53', '2025-08-07 14:39:53', 105, NULL, NULL, '2025-08-07 13:19:07', '2025-08-07 12:49:07', '2025-08-07 12:49:07', NULL);
INSERT INTO `orders` (`id`, `order_no`, `user_id`, `device_id`, `merchant_id`, `status`, `amount`, `paid_amount`, `refund_amount`, `payment_method`, `balance_used`, `gift_balance_used`, `discount_amount`, `coupon_id`, `wechat_prepay_id`, `wechat_transaction_id`, `payment_info`, `paid_at`, `start_at`, `end_at`, `duration_minutes`, `device_data`, `remark`, `expire_at`, `created_at`, `updated_at`, `deleted_at`) VALUES (104, 'LCH1757133345257016', 4, 11, 6, 'DONE', 4270, 4270, 0, 'gift_balance', 0, 4270, 0, NULL, NULL, NULL, NULL, '2025-08-11 11:35:27', '2025-08-11 11:45:04', '2025-08-11 13:05:04', 80, NULL, NULL, '2025-08-11 12:01:40', '2025-08-11 11:31:40', '2025-08-11 11:31:40', NULL);
INSERT INTO `orders` (`id`, `order_no`, `user_id`, `device_id`, `merchant_id`, `status`, `amount`, `paid_amount`, `refund_amount`, `payment_method`, `balance_used`, `gift_balance_used`, `discount_amount`, `coupon_id`, `wechat_prepay_id`, `wechat_transaction_id`, `payment_info`, `paid_at`, `start_at`, `end_at`, `duration_minutes`, `device_data`, `remark`, `expire_at`, `created_at`, `updated_at`, `deleted_at`) VALUES (105, 'LCH1757133345260239', 3, 11, 6, 'CLOSED', 3666, 0, 0, 'wechat', 0, 0, 0, NULL, NULL, 'wx_1757133345260_mt0vfq2ym', NULL, NULL, NULL, NULL, NULL, NULL, NULL, '2025-08-20 23:14:30', '2025-08-20 22:44:30', '2025-08-20 22:44:30', NULL);
INSERT INTO `orders` (`id`, `order_no`, `user_id`, `device_id`, `merchant_id`, `status`, `amount`, `paid_amount`, `refund_amount`, `payment_method`, `balance_used`, `gift_balance_used`, `discount_amount`, `coupon_id`, `wechat_prepay_id`, `wechat_transaction_id`, `payment_info`, `paid_at`, `start_at`, `end_at`, `duration_minutes`, `device_data`, `remark`, `expire_at`, `created_at`, `updated_at`, `deleted_at`) VALUES (106, 'LCH1757133345264057', 2, 11, 6, 'DONE', 2715, 2715, 0, 'wechat', 0, 0, 0, NULL, NULL, 'wx_1757133345264_2kbn41pka', NULL, '2025-08-25 09:29:09', '2025-08-25 09:36:47', '2025-08-25 11:07:47', 91, NULL, NULL, '2025-08-25 09:58:36', '2025-08-25 09:28:36', '2025-08-25 09:28:36', NULL);
INSERT INTO `orders` (`id`, `order_no`, `user_id`, `device_id`, `merchant_id`, `status`, `amount`, `paid_amount`, `refund_amount`, `payment_method`, `balance_used`, `gift_balance_used`, `discount_amount`, `coupon_id`, `wechat_prepay_id`, `wechat_transaction_id`, `payment_info`, `paid_at`, `start_at`, `end_at`, `duration_minutes`, `device_data`, `remark`, `expire_at`, `created_at`, `updated_at`, `deleted_at`) VALUES (107, 'LCH1757133345268743', 4, 11, 6, 'DONE', 4825, 4825, 0, 'balance', 4825, 0, 0, NULL, NULL, NULL, NULL, '2025-08-22 17:44:23', '2025-08-22 17:46:52', '2025-08-22 18:57:52', 71, NULL, NULL, '2025-08-22 18:12:24', '2025-08-22 17:42:24', '2025-08-22 17:42:24', NULL);
INSERT INTO `orders` (`id`, `order_no`, `user_id`, `device_id`, `merchant_id`, `status`, `amount`, `paid_amount`, `refund_amount`, `payment_method`, `balance_used`, `gift_balance_used`, `discount_amount`, `coupon_id`, `wechat_prepay_id`, `wechat_transaction_id`, `payment_info`, `paid_at`, `start_at`, `end_at`, `duration_minutes`, `device_data`, `remark`, `expire_at`, `created_at`, `updated_at`, `deleted_at`) VALUES (108, 'LCH1757133345270121', 5, 11, 6, 'CLOSED', 2947, 2947, 0, 'wechat', 0, 0, 0, NULL, NULL, 'wx_1757133345270_wso9v7prg', NULL, '2025-08-09 17:04:02', '2025-08-09 17:07:06', '2025-09-06 04:36:00', 39568, NULL, '需要人工审核退款: 订单结算超时，需要人工审核', '2025-08-09 17:31:10', '2025-08-09 17:01:10', '2025-09-08 19:46:00', NULL);
INSERT INTO `orders` (`id`, `order_no`, `user_id`, `device_id`, `merchant_id`, `status`, `amount`, `paid_amount`, `refund_amount`, `payment_method`, `balance_used`, `gift_balance_used`, `discount_amount`, `coupon_id`, `wechat_prepay_id`, `wechat_transaction_id`, `payment_info`, `paid_at`, `start_at`, `end_at`, `duration_minutes`, `device_data`, `remark`, `expire_at`, `created_at`, `updated_at`, `deleted_at`) VALUES (109, 'LCH1757133345273905', 5, 11, 6, 'DONE', 2659, 2659, 0, 'balance', 2659, 0, 0, NULL, NULL, NULL, NULL, '2025-08-20 19:49:06', '2025-08-20 19:51:12', '2025-08-20 20:01:12', 10, NULL, NULL, '2025-08-20 20:18:27', '2025-08-20 19:48:27', '2025-08-20 19:48:27', NULL);
INSERT INTO `orders` (`id`, `order_no`, `user_id`, `device_id`, `merchant_id`, `status`, `amount`, `paid_amount`, `refund_amount`, `payment_method`, `balance_used`, `gift_balance_used`, `discount_amount`, `coupon_id`, `wechat_prepay_id`, `wechat_transaction_id`, `payment_info`, `paid_at`, `start_at`, `end_at`, `duration_minutes`, `device_data`, `remark`, `expire_at`, `created_at`, `updated_at`, `deleted_at`) VALUES (110, 'LCH1757133345276186', 2, 12, 7, 'DONE', 3904, 3904, 0, 'wechat', 0, 0, 0, NULL, NULL, 'wx_1757133345276_d84hbhdtr', NULL, '2025-08-28 02:32:26', '2025-08-28 02:38:15', '2025-08-28 03:33:15', 55, NULL, NULL, '2025-08-28 03:02:09', '2025-08-28 02:32:09', '2025-08-28 02:32:09', NULL);
INSERT INTO `orders` (`id`, `order_no`, `user_id`, `device_id`, `merchant_id`, `status`, `amount`, `paid_amount`, `refund_amount`, `payment_method`, `balance_used`, `gift_balance_used`, `discount_amount`, `coupon_id`, `wechat_prepay_id`, `wechat_transaction_id`, `payment_info`, `paid_at`, `start_at`, `end_at`, `duration_minutes`, `device_data`, `remark`, `expire_at`, `created_at`, `updated_at`, `deleted_at`) VALUES (111, 'LCH1757133345279979', 4, 12, 7, 'DONE', 582, 582, 0, 'balance', 582, 0, 0, NULL, NULL, NULL, NULL, '2025-08-17 00:41:58', '2025-08-17 00:50:42', '2025-08-17 02:18:42', 88, NULL, NULL, '2025-08-17 01:07:33', '2025-08-17 00:37:33', '2025-08-17 00:37:33', NULL);
INSERT INTO `orders` (`id`, `order_no`, `user_id`, `device_id`, `merchant_id`, `status`, `amount`, `paid_amount`, `refund_amount`, `payment_method`, `balance_used`, `gift_balance_used`, `discount_amount`, `coupon_id`, `wechat_prepay_id`, `wechat_transaction_id`, `payment_info`, `paid_at`, `start_at`, `end_at`, `duration_minutes`, `device_data`, `remark`, `expire_at`, `created_at`, `updated_at`, `deleted_at`) VALUES (112, 'LCH1757133345282115', 7, 12, 7, 'DONE', 1677, 1677, 0, 'wechat', 0, 0, 0, NULL, NULL, 'wx_1757133345282_de5qc13zg', NULL, '2025-08-27 07:12:59', '2025-08-27 07:22:47', '2025-08-27 08:02:47', 40, NULL, NULL, '2025-08-27 07:42:30', '2025-08-27 07:12:30', '2025-08-27 07:12:30', NULL);
INSERT INTO `orders` (`id`, `order_no`, `user_id`, `device_id`, `merchant_id`, `status`, `amount`, `paid_amount`, `refund_amount`, `payment_method`, `balance_used`, `gift_balance_used`, `discount_amount`, `coupon_id`, `wechat_prepay_id`, `wechat_transaction_id`, `payment_info`, `paid_at`, `start_at`, `end_at`, `duration_minutes`, `device_data`, `remark`, `expire_at`, `created_at`, `updated_at`, `deleted_at`) VALUES (113, 'LCH1757133345285489', 7, 12, 7, 'DONE', 4526, 4526, 0, 'wechat', 0, 0, 0, NULL, NULL, 'wx_1757133345285_lvgtnxp4q', NULL, '2025-08-29 00:03:50', '2025-08-29 00:04:03', '2025-08-29 00:23:03', 19, NULL, NULL, '2025-08-29 00:30:44', '2025-08-29 00:00:44', '2025-08-29 00:00:44', NULL);
INSERT INTO `orders` (`id`, `order_no`, `user_id`, `device_id`, `merchant_id`, `status`, `amount`, `paid_amount`, `refund_amount`, `payment_method`, `balance_used`, `gift_balance_used`, `discount_amount`, `coupon_id`, `wechat_prepay_id`, `wechat_transaction_id`, `payment_info`, `paid_at`, `start_at`, `end_at`, `duration_minutes`, `device_data`, `remark`, `expire_at`, `created_at`, `updated_at`, `deleted_at`) VALUES (114, 'LCH1757133345287250', 4, 12, 7, 'CLOSED', 3005, 3005, 0, 'gift_balance', 0, 3005, 0, NULL, NULL, NULL, NULL, '2025-08-30 01:17:07', '2025-08-30 01:25:16', '2025-09-06 04:36:00', 10270, NULL, '需要人工审核退款: 订单结算超时，需要人工审核', '2025-08-30 01:46:15', '2025-08-30 01:16:15', '2025-09-08 19:46:00', NULL);
INSERT INTO `orders` (`id`, `order_no`, `user_id`, `device_id`, `merchant_id`, `status`, `amount`, `paid_amount`, `refund_amount`, `payment_method`, `balance_used`, `gift_balance_used`, `discount_amount`, `coupon_id`, `wechat_prepay_id`, `wechat_transaction_id`, `payment_info`, `paid_at`, `start_at`, `end_at`, `duration_minutes`, `device_data`, `remark`, `expire_at`, `created_at`, `updated_at`, `deleted_at`) VALUES (115, 'LCH1757133345291574', 2, 12, 7, 'DONE', 4042, 4042, 0, 'balance', 4042, 0, 0, NULL, NULL, NULL, NULL, '2025-09-02 23:08:53', '2025-09-02 23:08:54', '2025-09-02 23:47:54', 39, NULL, NULL, '2025-09-02 23:35:58', '2025-09-02 23:05:58', '2025-09-02 23:05:58', NULL);
INSERT INTO `orders` (`id`, `order_no`, `user_id`, `device_id`, `merchant_id`, `status`, `amount`, `paid_amount`, `refund_amount`, `payment_method`, `balance_used`, `gift_balance_used`, `discount_amount`, `coupon_id`, `wechat_prepay_id`, `wechat_transaction_id`, `payment_info`, `paid_at`, `start_at`, `end_at`, `duration_minutes`, `device_data`, `remark`, `expire_at`, `created_at`, `updated_at`, `deleted_at`) VALUES (116, 'LCH1757133345295134', 5, 12, 7, 'CLOSED', 3454, 3454, 0, 'wechat', 0, 0, 0, NULL, NULL, 'wx_1757133345295_1gzdvatdy', NULL, '2025-08-27 08:43:48', '2025-08-27 08:45:56', '2025-09-06 04:36:00', 14150, NULL, '需要人工审核退款: 订单结算超时，需要人工审核', '2025-08-27 09:13:08', '2025-08-27 08:43:08', '2025-09-08 19:46:00', NULL);
INSERT INTO `orders` (`id`, `order_no`, `user_id`, `device_id`, `merchant_id`, `status`, `amount`, `paid_amount`, `refund_amount`, `payment_method`, `balance_used`, `gift_balance_used`, `discount_amount`, `coupon_id`, `wechat_prepay_id`, `wechat_transaction_id`, `payment_info`, `paid_at`, `start_at`, `end_at`, `duration_minutes`, `device_data`, `remark`, `expire_at`, `created_at`, `updated_at`, `deleted_at`) VALUES (117, 'LCH1757133345297107', 3, 12, 7, 'CLOSED', 4076, 0, 0, 'gift_balance', 0, 4076, 0, NULL, NULL, NULL, NULL, NULL, NULL, NULL, NULL, NULL, NULL, '2025-08-21 15:04:14', '2025-08-21 14:34:14', '2025-08-21 14:34:14', NULL);
INSERT INTO `orders` (`id`, `order_no`, `user_id`, `device_id`, `merchant_id`, `status`, `amount`, `paid_amount`, `refund_amount`, `payment_method`, `balance_used`, `gift_balance_used`, `discount_amount`, `coupon_id`, `wechat_prepay_id`, `wechat_transaction_id`, `payment_info`, `paid_at`, `start_at`, `end_at`, `duration_minutes`, `device_data`, `remark`, `expire_at`, `created_at`, `updated_at`, `deleted_at`) VALUES (118, 'LCH1757133345303806', 4, 12, 7, 'DONE', 1727, 1727, 0, 'balance', 1727, 0, 0, NULL, NULL, NULL, NULL, '2025-08-13 04:10:03', '2025-08-13 04:14:28', '2025-08-13 04:49:28', 35, NULL, NULL, '2025-08-13 04:36:34', '2025-08-13 04:06:34', '2025-08-13 04:06:34', NULL);
INSERT INTO `orders` (`id`, `order_no`, `user_id`, `device_id`, `merchant_id`, `status`, `amount`, `paid_amount`, `refund_amount`, `payment_method`, `balance_used`, `gift_balance_used`, `discount_amount`, `coupon_id`, `wechat_prepay_id`, `wechat_transaction_id`, `payment_info`, `paid_at`, `start_at`, `end_at`, `duration_minutes`, `device_data`, `remark`, `expire_at`, `created_at`, `updated_at`, `deleted_at`) VALUES (119, 'LCH1757133345309930', 7, 12, 7, 'CLOSED', 4326, 0, 0, 'gift_balance', 0, 4326, 0, NULL, NULL, NULL, NULL, NULL, NULL, NULL, NULL, NULL, NULL, '2025-08-27 14:25:28', '2025-08-27 13:55:28', '2025-08-27 13:55:28', NULL);
INSERT INTO `orders` (`id`, `order_no`, `user_id`, `device_id`, `merchant_id`, `status`, `amount`, `paid_amount`, `refund_amount`, `payment_method`, `balance_used`, `gift_balance_used`, `discount_amount`, `coupon_id`, `wechat_prepay_id`, `wechat_transaction_id`, `payment_info`, `paid_at`, `start_at`, `end_at`, `duration_minutes`, `device_data`, `remark`, `expire_at`, `created_at`, `updated_at`, `deleted_at`) VALUES (120, 'LCH1757133345311556', 6, 12, 7, 'DONE', 3340, 3340, 0, 'gift_balance', 0, 3340, 0, NULL, NULL, NULL, NULL, '2025-08-27 04:58:28', '2025-08-27 05:07:55', '2025-08-27 05:49:55', 42, NULL, NULL, '2025-08-27 05:28:03', '2025-08-27 04:58:03', '2025-08-27 04:58:03', NULL);
INSERT INTO `orders` (`id`, `order_no`, `user_id`, `device_id`, `merchant_id`, `status`, `amount`, `paid_amount`, `refund_amount`, `payment_method`, `balance_used`, `gift_balance_used`, `discount_amount`, `coupon_id`, `wechat_prepay_id`, `wechat_transaction_id`, `payment_info`, `paid_at`, `start_at`, `end_at`, `duration_minutes`, `device_data`, `remark`, `expire_at`, `created_at`, `updated_at`, `deleted_at`) VALUES (121, 'LCH1757133345316052', 7, 13, 7, 'DONE', 4468, 4468, 0, 'balance', 4468, 0, 0, NULL, NULL, NULL, NULL, '2025-08-13 02:22:00', '2025-08-13 02:29:59', '2025-08-13 03:06:59', 37, NULL, NULL, '2025-08-13 02:50:10', '2025-08-13 02:20:10', '2025-08-13 02:20:10', NULL);
INSERT INTO `orders` (`id`, `order_no`, `user_id`, `device_id`, `merchant_id`, `status`, `amount`, `paid_amount`, `refund_amount`, `payment_method`, `balance_used`, `gift_balance_used`, `discount_amount`, `coupon_id`, `wechat_prepay_id`, `wechat_transaction_id`, `payment_info`, `paid_at`, `start_at`, `end_at`, `duration_minutes`, `device_data`, `remark`, `expire_at`, `created_at`, `updated_at`, `deleted_at`) VALUES (122, 'LCH1757133345320715', 6, 13, 7, 'CLOSED', 1315, 0, 0, 'balance', 1315, 0, 0, NULL, NULL, NULL, NULL, NULL, NULL, NULL, NULL, NULL, NULL, '2025-09-02 05:35:42', '2025-09-02 05:05:42', '2025-09-02 05:05:42', NULL);
INSERT INTO `orders` (`id`, `order_no`, `user_id`, `device_id`, `merchant_id`, `status`, `amount`, `paid_amount`, `refund_amount`, `payment_method`, `balance_used`, `gift_balance_used`, `discount_amount`, `coupon_id`, `wechat_prepay_id`, `wechat_transaction_id`, `payment_info`, `paid_at`, `start_at`, `end_at`, `duration_minutes`, `device_data`, `remark`, `expire_at`, `created_at`, `updated_at`, `deleted_at`) VALUES (123, 'LCH1757133345326397', 7, 13, 7, 'CLOSED', 1747, 0, 0, 'balance', 1747, 0, 0, NULL, NULL, NULL, NULL, NULL, NULL, NULL, NULL, NULL, NULL, '2025-08-25 03:29:34', '2025-08-25 02:59:34', '2025-08-25 02:59:34', NULL);
INSERT INTO `orders` (`id`, `order_no`, `user_id`, `device_id`, `merchant_id`, `status`, `amount`, `paid_amount`, `refund_amount`, `payment_method`, `balance_used`, `gift_balance_used`, `discount_amount`, `coupon_id`, `wechat_prepay_id`, `wechat_transaction_id`, `payment_info`, `paid_at`, `start_at`, `end_at`, `duration_minutes`, `device_data`, `remark`, `expire_at`, `created_at`, `updated_at`, `deleted_at`) VALUES (124, 'LCH1757133345333229', 2, 13, 7, 'DONE', 4323, 4323, 0, 'wechat', 0, 0, 0, NULL, NULL, 'wx_1757133345333_z6z0casn3', NULL, '2025-08-15 23:40:37', '2025-08-15 23:40:46', '2025-08-16 00:57:46', 77, NULL, NULL, '2025-08-16 00:09:53', '2025-08-15 23:39:53', '2025-08-15 23:39:53', NULL);
INSERT INTO `orders` (`id`, `order_no`, `user_id`, `device_id`, `merchant_id`, `status`, `amount`, `paid_amount`, `refund_amount`, `payment_method`, `balance_used`, `gift_balance_used`, `discount_amount`, `coupon_id`, `wechat_prepay_id`, `wechat_transaction_id`, `payment_info`, `paid_at`, `start_at`, `end_at`, `duration_minutes`, `device_data`, `remark`, `expire_at`, `created_at`, `updated_at`, `deleted_at`) VALUES (125, 'LCH1757133345339573', 2, 13, 7, 'DONE', 1246, 1246, 0, 'balance', 1246, 0, 0, NULL, NULL, NULL, NULL, '2025-08-21 19:15:07', '2025-08-21 19:21:53', '2025-08-21 20:14:53', 53, NULL, NULL, '2025-08-21 19:42:57', '2025-08-21 19:12:57', '2025-08-21 19:12:57', NULL);
INSERT INTO `orders` (`id`, `order_no`, `user_id`, `device_id`, `merchant_id`, `status`, `amount`, `paid_amount`, `refund_amount`, `payment_method`, `balance_used`, `gift_balance_used`, `discount_amount`, `coupon_id`, `wechat_prepay_id`, `wechat_transaction_id`, `payment_info`, `paid_at`, `start_at`, `end_at`, `duration_minutes`, `device_data`, `remark`, `expire_at`, `created_at`, `updated_at`, `deleted_at`) VALUES (126, 'LCH1757133345343418', 4, 13, 7, 'DONE', 3921, 3921, 0, 'wechat', 0, 0, 0, NULL, NULL, 'wx_1757133345343_ezbau0lhn', NULL, '2025-08-16 06:45:12', '2025-08-16 06:51:24', '2025-08-16 08:10:24', 79, NULL, NULL, '2025-08-16 07:13:00', '2025-08-16 06:43:00', '2025-08-16 06:43:00', NULL);
INSERT INTO `orders` (`id`, `order_no`, `user_id`, `device_id`, `merchant_id`, `status`, `amount`, `paid_amount`, `refund_amount`, `payment_method`, `balance_used`, `gift_balance_used`, `discount_amount`, `coupon_id`, `wechat_prepay_id`, `wechat_transaction_id`, `payment_info`, `paid_at`, `start_at`, `end_at`, `duration_minutes`, `device_data`, `remark`, `expire_at`, `created_at`, `updated_at`, `deleted_at`) VALUES (127, 'LCH1757133345346069', 4, 13, 7, 'DONE', 4215, 4215, 0, 'balance', 4215, 0, 0, NULL, NULL, NULL, NULL, '2025-08-12 18:17:11', '2025-08-12 18:20:15', '2025-08-12 19:03:15', 43, NULL, NULL, '2025-08-12 18:44:48', '2025-08-12 18:14:48', '2025-08-12 18:14:48', NULL);
INSERT INTO `orders` (`id`, `order_no`, `user_id`, `device_id`, `merchant_id`, `status`, `amount`, `paid_amount`, `refund_amount`, `payment_method`, `balance_used`, `gift_balance_used`, `discount_amount`, `coupon_id`, `wechat_prepay_id`, `wechat_transaction_id`, `payment_info`, `paid_at`, `start_at`, `end_at`, `duration_minutes`, `device_data`, `remark`, `expire_at`, `created_at`, `updated_at`, `deleted_at`) VALUES (128, 'LCH1757133345349191', 4, 13, 7, 'CLOSED', 567, 567, 0, 'wechat', 0, 0, 0, NULL, NULL, 'wx_1757133345349_jh8crskjl', NULL, '2025-08-07 18:05:29', '2025-08-07 18:06:22', '2025-09-06 04:36:00', 42389, NULL, '需要人工审核退款: 订单结算超时，需要人工审核', '2025-08-07 18:33:52', '2025-08-07 18:03:52', '2025-09-08 19:46:00', NULL);
INSERT INTO `orders` (`id`, `order_no`, `user_id`, `device_id`, `merchant_id`, `status`, `amount`, `paid_amount`, `refund_amount`, `payment_method`, `balance_used`, `gift_balance_used`, `discount_amount`, `coupon_id`, `wechat_prepay_id`, `wechat_transaction_id`, `payment_info`, `paid_at`, `start_at`, `end_at`, `duration_minutes`, `device_data`, `remark`, `expire_at`, `created_at`, `updated_at`, `deleted_at`) VALUES (129, 'LCH1757133345352775', 5, 13, 7, 'CLOSED', 2628, 0, 0, 'balance', 2628, 0, 0, NULL, NULL, NULL, NULL, NULL, NULL, NULL, NULL, NULL, NULL, '2025-08-24 09:07:45', '2025-08-24 08:37:45', '2025-08-24 08:37:45', NULL);
INSERT INTO `orders` (`id`, `order_no`, `user_id`, `device_id`, `merchant_id`, `status`, `amount`, `paid_amount`, `refund_amount`, `payment_method`, `balance_used`, `gift_balance_used`, `discount_amount`, `coupon_id`, `wechat_prepay_id`, `wechat_transaction_id`, `payment_info`, `paid_at`, `start_at`, `end_at`, `duration_minutes`, `device_data`, `remark`, `expire_at`, `created_at`, `updated_at`, `deleted_at`) VALUES (130, 'LCH1757133345356650', 3, 13, 7, 'DONE', 2677, 2677, 0, 'wechat', 0, 0, 0, NULL, NULL, 'wx_1757133345356_npa30mulb', NULL, '2025-08-12 19:28:36', '2025-08-12 19:31:46', '2025-08-12 20:15:46', 44, NULL, NULL, '2025-08-12 19:57:24', '2025-08-12 19:27:24', '2025-08-12 19:27:24', NULL);
INSERT INTO `orders` (`id`, `order_no`, `user_id`, `device_id`, `merchant_id`, `status`, `amount`, `paid_amount`, `refund_amount`, `payment_method`, `balance_used`, `gift_balance_used`, `discount_amount`, `coupon_id`, `wechat_prepay_id`, `wechat_transaction_id`, `payment_info`, `paid_at`, `start_at`, `end_at`, `duration_minutes`, `device_data`, `remark`, `expire_at`, `created_at`, `updated_at`, `deleted_at`) VALUES (131, 'LCH1757133345359263', 6, 13, 7, 'CLOSED', 2722, 0, 0, 'gift_balance', 0, 2722, 0, NULL, NULL, NULL, NULL, NULL, NULL, NULL, NULL, NULL, NULL, '2025-09-05 06:24:07', '2025-09-05 05:54:07', '2025-09-05 05:54:07', NULL);
INSERT INTO `orders` (`id`, `order_no`, `user_id`, `device_id`, `merchant_id`, `status`, `amount`, `paid_amount`, `refund_amount`, `payment_method`, `balance_used`, `gift_balance_used`, `discount_amount`, `coupon_id`, `wechat_prepay_id`, `wechat_transaction_id`, `payment_info`, `paid_at`, `start_at`, `end_at`, `duration_minutes`, `device_data`, `remark`, `expire_at`, `created_at`, `updated_at`, `deleted_at`) VALUES (132, 'LCH1757133345363732', 2, 13, 7, 'DONE', 645, 645, 0, 'wechat', 0, 0, 0, NULL, NULL, 'wx_1757133345363_gr2om7peg', NULL, '2025-08-08 18:15:30', '2025-08-08 18:18:08', '2025-08-08 19:20:08', 62, NULL, NULL, '2025-08-08 18:43:45', '2025-08-08 18:13:45', '2025-08-08 18:13:45', NULL);
INSERT INTO `orders` (`id`, `order_no`, `user_id`, `device_id`, `merchant_id`, `status`, `amount`, `paid_amount`, `refund_amount`, `payment_method`, `balance_used`, `gift_balance_used`, `discount_amount`, `coupon_id`, `wechat_prepay_id`, `wechat_transaction_id`, `payment_info`, `paid_at`, `start_at`, `end_at`, `duration_minutes`, `device_data`, `remark`, `expire_at`, `created_at`, `updated_at`, `deleted_at`) VALUES (133, 'LCH1757133345367140', 6, 14, 7, 'DONE', 2263, 2263, 0, 'gift_balance', 0, 2263, 0, NULL, NULL, NULL, NULL, '2025-08-24 17:32:39', '2025-08-24 17:37:17', '2025-08-24 18:35:17', 58, NULL, NULL, '2025-08-24 18:02:20', '2025-08-24 17:32:20', '2025-08-24 17:32:20', NULL);
INSERT INTO `orders` (`id`, `order_no`, `user_id`, `device_id`, `merchant_id`, `status`, `amount`, `paid_amount`, `refund_amount`, `payment_method`, `balance_used`, `gift_balance_used`, `discount_amount`, `coupon_id`, `wechat_prepay_id`, `wechat_transaction_id`, `payment_info`, `paid_at`, `start_at`, `end_at`, `duration_minutes`, `device_data`, `remark`, `expire_at`, `created_at`, `updated_at`, `deleted_at`) VALUES (134, 'LCH1757133345374580', 4, 14, 7, 'CLOSED', 4529, 4529, 0, 'gift_balance', 0, 4529, 0, NULL, NULL, NULL, NULL, '2025-08-14 06:28:01', '2025-08-14 06:31:20', '2025-09-06 04:36:00', 33004, NULL, '需要人工审核退款: 订单结算超时，需要人工审核', '2025-08-14 06:53:36', '2025-08-14 06:23:36', '2025-09-08 19:46:00', NULL);
INSERT INTO `orders` (`id`, `order_no`, `user_id`, `device_id`, `merchant_id`, `status`, `amount`, `paid_amount`, `refund_amount`, `payment_method`, `balance_used`, `gift_balance_used`, `discount_amount`, `coupon_id`, `wechat_prepay_id`, `wechat_transaction_id`, `payment_info`, `paid_at`, `start_at`, `end_at`, `duration_minutes`, `device_data`, `remark`, `expire_at`, `created_at`, `updated_at`, `deleted_at`) VALUES (135, 'LCH1757133345377420', 4, 14, 7, 'DONE', 883, 883, 0, 'wechat', 0, 0, 0, NULL, NULL, 'wx_1757133345377_nnskjvmm1', NULL, '2025-08-23 15:21:05', '2025-08-23 15:27:06', '2025-08-23 16:30:06', 63, NULL, NULL, '2025-08-23 15:48:36', '2025-08-23 15:18:36', '2025-08-23 15:18:36', NULL);
INSERT INTO `orders` (`id`, `order_no`, `user_id`, `device_id`, `merchant_id`, `status`, `amount`, `paid_amount`, `refund_amount`, `payment_method`, `balance_used`, `gift_balance_used`, `discount_amount`, `coupon_id`, `wechat_prepay_id`, `wechat_transaction_id`, `payment_info`, `paid_at`, `start_at`, `end_at`, `duration_minutes`, `device_data`, `remark`, `expire_at`, `created_at`, `updated_at`, `deleted_at`) VALUES (136, 'LCH1757133345379603', 5, 14, 7, 'DONE', 4663, 4663, 0, 'balance', 4663, 0, 0, NULL, NULL, NULL, NULL, '2025-08-16 10:34:23', '2025-08-16 10:44:05', '2025-08-16 12:01:05', 77, NULL, NULL, '2025-08-16 11:00:45', '2025-08-16 10:30:45', '2025-08-16 10:30:45', NULL);
INSERT INTO `orders` (`id`, `order_no`, `user_id`, `device_id`, `merchant_id`, `status`, `amount`, `paid_amount`, `refund_amount`, `payment_method`, `balance_used`, `gift_balance_used`, `discount_amount`, `coupon_id`, `wechat_prepay_id`, `wechat_transaction_id`, `payment_info`, `paid_at`, `start_at`, `end_at`, `duration_minutes`, `device_data`, `remark`, `expire_at`, `created_at`, `updated_at`, `deleted_at`) VALUES (137, 'LCH1757133345382204', 5, 14, 7, 'CLOSED', 4482, 0, 0, 'gift_balance', 0, 4482, 0, NULL, NULL, NULL, NULL, NULL, NULL, NULL, NULL, NULL, NULL, '2025-08-16 10:56:02', '2025-08-16 10:26:02', '2025-08-16 10:26:02', NULL);
INSERT INTO `orders` (`id`, `order_no`, `user_id`, `device_id`, `merchant_id`, `status`, `amount`, `paid_amount`, `refund_amount`, `payment_method`, `balance_used`, `gift_balance_used`, `discount_amount`, `coupon_id`, `wechat_prepay_id`, `wechat_transaction_id`, `payment_info`, `paid_at`, `start_at`, `end_at`, `duration_minutes`, `device_data`, `remark`, `expire_at`, `created_at`, `updated_at`, `deleted_at`) VALUES (138, 'LCH1757133345388381', 4, 14, 7, 'DONE', 2223, 2223, 0, 'gift_balance', 0, 2223, 0, NULL, NULL, NULL, NULL, '2025-08-17 23:57:35', '2025-08-17 23:59:32', '2025-08-18 01:01:32', 62, NULL, NULL, '2025-08-18 00:25:55', '2025-08-17 23:55:55', '2025-08-17 23:55:55', NULL);
INSERT INTO `orders` (`id`, `order_no`, `user_id`, `device_id`, `merchant_id`, `status`, `amount`, `paid_amount`, `refund_amount`, `payment_method`, `balance_used`, `gift_balance_used`, `discount_amount`, `coupon_id`, `wechat_prepay_id`, `wechat_transaction_id`, `payment_info`, `paid_at`, `start_at`, `end_at`, `duration_minutes`, `device_data`, `remark`, `expire_at`, `created_at`, `updated_at`, `deleted_at`) VALUES (139, 'LCH1757133345391407', 2, 14, 7, 'CLOSED', 2194, 0, 0, 'wechat', 0, 0, 0, NULL, NULL, 'wx_1757133345391_5xbm392oa', NULL, NULL, NULL, NULL, NULL, NULL, NULL, '2025-09-04 07:39:08', '2025-09-04 07:09:08', '2025-09-04 07:09:08', NULL);
INSERT INTO `orders` (`id`, `order_no`, `user_id`, `device_id`, `merchant_id`, `status`, `amount`, `paid_amount`, `refund_amount`, `payment_method`, `balance_used`, `gift_balance_used`, `discount_amount`, `coupon_id`, `wechat_prepay_id`, `wechat_transaction_id`, `payment_info`, `paid_at`, `start_at`, `end_at`, `duration_minutes`, `device_data`, `remark`, `expire_at`, `created_at`, `updated_at`, `deleted_at`) VALUES (140, 'LCH1757133345394006', 3, 14, 7, 'DONE', 3148, 3148, 0, 'wechat', 0, 0, 0, NULL, NULL, 'wx_1757133345394_lrm202vp5', NULL, '2025-09-04 00:24:59', '2025-09-04 00:27:04', '2025-09-04 01:59:04', 92, NULL, NULL, '2025-09-04 00:52:45', '2025-09-04 00:22:45', '2025-09-04 00:22:45', NULL);
INSERT INTO `orders` (`id`, `order_no`, `user_id`, `device_id`, `merchant_id`, `status`, `amount`, `paid_amount`, `refund_amount`, `payment_method`, `balance_used`, `gift_balance_used`, `discount_amount`, `coupon_id`, `wechat_prepay_id`, `wechat_transaction_id`, `payment_info`, `paid_at`, `start_at`, `end_at`, `duration_minutes`, `device_data`, `remark`, `expire_at`, `created_at`, `updated_at`, `deleted_at`) VALUES (141, 'LCH1757133345398852', 6, 14, 7, 'CLOSED', 1079, 1079, 0, 'wechat', 0, 0, 0, NULL, NULL, 'wx_1757133345398_y4b8y08mk', NULL, '2025-08-30 03:22:17', '2025-08-30 03:23:55', '2025-09-06 04:36:00', 10152, NULL, '需要人工审核退款: 订单结算超时，需要人工审核', '2025-08-30 03:48:43', '2025-08-30 03:18:43', '2025-09-08 19:46:00', NULL);
INSERT INTO `orders` (`id`, `order_no`, `user_id`, `device_id`, `merchant_id`, `status`, `amount`, `paid_amount`, `refund_amount`, `payment_method`, `balance_used`, `gift_balance_used`, `discount_amount`, `coupon_id`, `wechat_prepay_id`, `wechat_transaction_id`, `payment_info`, `paid_at`, `start_at`, `end_at`, `duration_minutes`, `device_data`, `remark`, `expire_at`, `created_at`, `updated_at`, `deleted_at`) VALUES (142, 'LCH1757133345402251', 7, 14, 7, 'DONE', 1098, 1098, 0, 'wechat', 0, 0, 0, NULL, NULL, 'wx_1757133345402_0jfjb8owo', NULL, '2025-08-13 16:19:29', '2025-08-13 16:27:09', '2025-08-13 17:16:09', 49, NULL, NULL, '2025-08-13 16:47:59', '2025-08-13 16:17:59', '2025-08-13 16:17:59', NULL);
INSERT INTO `orders` (`id`, `order_no`, `user_id`, `device_id`, `merchant_id`, `status`, `amount`, `paid_amount`, `refund_amount`, `payment_method`, `balance_used`, `gift_balance_used`, `discount_amount`, `coupon_id`, `wechat_prepay_id`, `wechat_transaction_id`, `payment_info`, `paid_at`, `start_at`, `end_at`, `duration_minutes`, `device_data`, `remark`, `expire_at`, `created_at`, `updated_at`, `deleted_at`) VALUES (143, 'LCH1757133345405154', 4, 14, 7, 'DONE', 1763, 1763, 0, 'gift_balance', 0, 1763, 0, NULL, NULL, NULL, NULL, '2025-08-22 23:09:22', '2025-08-22 23:16:46', '2025-08-23 00:53:46', 97, NULL, NULL, '2025-08-22 23:37:17', '2025-08-22 23:07:17', '2025-08-22 23:07:17', NULL);
INSERT INTO `orders` (`id`, `order_no`, `user_id`, `device_id`, `merchant_id`, `status`, `amount`, `paid_amount`, `refund_amount`, `payment_method`, `balance_used`, `gift_balance_used`, `discount_amount`, `coupon_id`, `wechat_prepay_id`, `wechat_transaction_id`, `payment_info`, `paid_at`, `start_at`, `end_at`, `duration_minutes`, `device_data`, `remark`, `expire_at`, `created_at`, `updated_at`, `deleted_at`) VALUES (144, 'LCH1757133345407454', 5, 14, 7, 'DONE', 1242, 1242, 0, 'balance', 1242, 0, 0, NULL, NULL, NULL, NULL, '2025-08-17 04:13:34', '2025-08-17 04:20:45', '2025-08-17 05:23:45', 63, NULL, NULL, '2025-08-17 04:42:45', '2025-08-17 04:12:45', '2025-08-17 04:12:45', NULL);
INSERT INTO `orders` (`id`, `order_no`, `user_id`, `device_id`, `merchant_id`, `status`, `amount`, `paid_amount`, `refund_amount`, `payment_method`, `balance_used`, `gift_balance_used`, `discount_amount`, `coupon_id`, `wechat_prepay_id`, `wechat_transaction_id`, `payment_info`, `paid_at`, `start_at`, `end_at`, `duration_minutes`, `device_data`, `remark`, `expire_at`, `created_at`, `updated_at`, `deleted_at`) VALUES (145, 'LCH1757133345410862', 5, 14, 7, 'DONE', 2012, 2012, 0, 'gift_balance', 0, 2012, 0, NULL, NULL, NULL, NULL, '2025-08-23 02:50:47', '2025-08-23 02:56:28', '2025-08-23 04:15:28', 79, NULL, NULL, '2025-08-23 03:19:24', '2025-08-23 02:49:24', '2025-08-23 02:49:24', NULL);
INSERT INTO `orders` (`id`, `order_no`, `user_id`, `device_id`, `merchant_id`, `status`, `amount`, `paid_amount`, `refund_amount`, `payment_method`, `balance_used`, `gift_balance_used`, `discount_amount`, `coupon_id`, `wechat_prepay_id`, `wechat_transaction_id`, `payment_info`, `paid_at`, `start_at`, `end_at`, `duration_minutes`, `device_data`, `remark`, `expire_at`, `created_at`, `updated_at`, `deleted_at`) VALUES (146, 'LCH1757133345414332', 3, 14, 7, 'DONE', 4036, 4036, 0, 'wechat', 0, 0, 0, NULL, NULL, 'wx_1757133345414_g8u0v1miq', NULL, '2025-08-19 23:48:23', '2025-08-19 23:49:56', '2025-08-20 00:42:56', 53, NULL, NULL, '2025-08-20 00:15:01', '2025-08-19 23:45:01', '2025-08-19 23:45:01', NULL);

-- ----------------------------
-- Table structure for users
-- ----------------------------
DROP TABLE IF EXISTS `users`;
CREATE TABLE `users` (
  `id` int NOT NULL AUTO_INCREMENT COMMENT '用户ID',
  `openid` varchar(64) COLLATE utf8mb4_unicode_ci DEFAULT NULL COMMENT '微信OpenID',
  `nickname` varchar(64) COLLATE utf8mb4_unicode_ci DEFAULT NULL COMMENT '用户昵称',
  `avatar_url` varchar(255) COLLATE utf8mb4_unicode_ci DEFAULT NULL COMMENT '头像URL',
  `phone` varchar(11) COLLATE utf8mb4_unicode_ci DEFAULT NULL COMMENT '手机号',
  `balance` int unsigned NOT NULL DEFAULT '0' COMMENT '账户余额(分)',
  `gift_balance` int unsigned NOT NULL DEFAULT '0' COMMENT '赠送余额(分)',
  `total_recharge` int unsigned NOT NULL DEFAULT '0' COMMENT '累计充值(分)',
  `total_orders` int unsigned NOT NULL DEFAULT '0' COMMENT '累计订单数',
  `is_active` tinyint(1) NOT NULL DEFAULT '1' COMMENT '是否启用',
  `created_at` timestamp NOT NULL DEFAULT CURRENT_TIMESTAMP COMMENT '创建时间',
  `updated_at` timestamp NOT NULL DEFAULT CURRENT_TIMESTAMP ON UPDATE CURRENT_TIMESTAMP COMMENT '更新时间',
  `deleted_at` timestamp NULL DEFAULT NULL COMMENT '删除时间',
  PRIMARY KEY (`id`),
  UNIQUE KEY `idx_openid` (`openid`),
  KEY `idx_phone` (`phone`)
) ENGINE=InnoDB AUTO_INCREMENT=8 DEFAULT CHARSET=utf8mb4 COLLATE=utf8mb4_unicode_ci COMMENT='用户表';

-- ----------------------------
-- Records of users
-- ----------------------------
INSERT INTO `users` (`id`, `openid`, `nickname`, `avatar_url`, `phone`, `balance`, `gift_balance`, `total_recharge`, `total_orders`, `is_active`, `created_at`, `updated_at`, `deleted_at`) VALUES (1, 'admin_openid', 'admin', NULL, '13800138000', 0, 0, 0, 0, 1, '2025-09-05 18:13:27', '2025-09-05 18:13:27', NULL);
INSERT INTO `users` (`id`, `openid`, `nickname`, `avatar_url`, `phone`, `balance`, `gift_balance`, `total_recharge`, `total_orders`, `is_active`, `created_at`, `updated_at`, `deleted_at`) VALUES (2, 'test_merchant_openid', '测试商户用户', 'https://example.com/avatar.jpg', '13900139001', 10000, 5000, 0, 0, 1, '2025-09-06 04:33:33', '2025-09-06 04:33:33', NULL);
INSERT INTO `users` (`id`, `openid`, `nickname`, `avatar_url`, `phone`, `balance`, `gift_balance`, `total_recharge`, `total_orders`, `is_active`, `created_at`, `updated_at`, `deleted_at`) VALUES (3, 'test_merchant_openid_002', '青青洗车店', NULL, '13900139002', 8000, 3000, 0, 0, 1, '2025-09-06 04:34:50', '2025-09-06 04:34:50', NULL);
INSERT INTO `users` (`id`, `openid`, `nickname`, `avatar_url`, `phone`, `balance`, `gift_balance`, `total_recharge`, `total_orders`, `is_active`, `created_at`, `updated_at`, `deleted_at`) VALUES (4, 'test_merchant_openid_003', '星光洗车', NULL, '13900139003', 12000, 8000, 0, 0, 1, '2025-09-06 04:34:50', '2025-09-06 04:34:50', NULL);
INSERT INTO `users` (`id`, `openid`, `nickname`, `avatar_url`, `phone`, `balance`, `gift_balance`, `total_recharge`, `total_orders`, `is_active`, `created_at`, `updated_at`, `deleted_at`) VALUES (5, 'test_merchant_openid_004', '蓝天洗车', NULL, '13900139004', 6000, 2000, 0, 0, 1, '2025-09-06 04:34:50', '2025-09-06 04:34:50', NULL);
INSERT INTO `users` (`id`, `openid`, `nickname`, `avatar_url`, `phone`, `balance`, `gift_balance`, `total_recharge`, `total_orders`, `is_active`, `created_at`, `updated_at`, `deleted_at`) VALUES (6, 'test_merchant_openid_005', '快洁洗车', NULL, '13900139005', 15000, 5000, 0, 0, 1, '2025-09-06 04:34:50', '2025-09-06 04:34:50', NULL);
INSERT INTO `users` (`id`, `openid`, `nickname`, `avatar_url`, `phone`, `balance`, `gift_balance`, `total_recharge`, `total_orders`, `is_active`, `created_at`, `updated_at`, `deleted_at`) VALUES (7, 'test_merchant_openid_006', '洁净洗车', NULL, '13900139006', 9000, 4000, 0, 0, 1, '2025-09-06 04:34:50', '2025-09-06 04:34:50', NULL);

SET FOREIGN_KEY_CHECKS = 1;
